id,text,stars,categoria
1,"Esperaba algo mejor, la verdad. El escritorio de Rukan el tamaño real es bastante menor al que aparece en la descripción.",2,mueble
2,,3,electronica
3,Muy recomendado. Se nota el cuidado en los detalles y terminaciones. También combina perfecto con el resto de mi decoración.,5,textil
4,"No lo recomiendo para nada. Compré una agenda 2026 Fabril y el acabado tiene burbujas y marcas de fábrica. Sumado a eso, el color no se parece nada a la foto del sitio. Sumado a eso, olía fuerte a químico los primeros días. Además, el tamaño real es bastante menor al que aparece en la descripción. Una lástima, esperaba mucho más de esta marca.",1,papeleria
5,"Perfecto, tal cual se describe. Combina perfecto con el resto de mi decoración. Y de paso, el proceso de compra y despacho fue impecable.",5,papeleria
6,Cumple bien lo que promete. Se nota el cuidado en los detalles y terminaciones.,4,electronica
7,"Esperaba mucho más por el precio que pagué. Compré un organizador de escritorio Cordillera Home y se despegó una parte a la semana de uso. Y lo peor: el material se siente mucho más barato de lo que se ve en las fotos. Sumado a eso, el tamaño real es bastante menor al que aparece en la descripción. Por si fuera poco, el color no se parece nada a la foto del sitio. Pedí el reembolso y no pienso volver a comprar acá.",1,papeleria
8,Tiene varios detalles que no me convencieron. La repisa de Fabril el tamaño real es bastante menor al que aparece en la descripción.,2,mueble
9,Mesa de centro de Norden: funciona bien pero el color es más apagado de lo que pensé.,3,mueble
10,"Muy decepcionado con esta compra. Compré un organizador de escritorio Tallerín y faltaban tornillos y tuve que comprarlos por mi cuenta. Para peor, el tamaño real es bastante menor al que aparece en la descripción. Además, no coincide para nada con las medidas publicadas. Por si fuera poco, olía fuerte a químico los primeros días. Una lástima, esperaba mucho más de esta marca.",1,papeleria
11,"Perfecto, tal cual se describe. Es súper fácil de armar, en 10 minutos estaba listo. Además, llegó antes de lo prometido y muy bien embalado.",5,mueble
12,"Superó mis expectativas. La calidad de los materiales superó mis expectativas. Y de paso, es exactamente como se veía en las fotos.",5,papeleria
13,"Esperaba algo mejor, la verdad. El cargador rápido de Fabril venía con una pieza rota dentro de la caja.",2,electronica
14,Cumple bien lo que promete. El acabado se ve mucho más caro de lo que costó. Lo único es que el servicio al cliente no respondió ningún correo.,4,iluminacion
15,"Muy decepcionado con esta compra. Compré una mesa de centro Lumina y venía con una pieza rota dentro de la caja. Además, el material se siente mucho más barato de lo que se ve en las fotos. Una lástima, esperaba mucho más de esta marca.",1,mueble
16,"Superó mis expectativas. Combina perfecto con el resto de mi decoración. Además, es súper fácil de armar, en 10 minutos estaba listo.",5,papeleria
17,"Esperaba mucho más por el precio que pagué. Compré un organizador de escritorio Cordillera Home y no coincide para nada con las medidas publicadas. Y lo peor: llegó con un rayón visible en la superficie. Sumado a eso, el servicio al cliente no respondió ningún correo. Sumado a eso, el material se siente mucho más barato de lo que se ve en las fotos.",1,papeleria
18,Cumple bien lo que promete. Quedó espectacular en el living.,4,electronica
19,Superó mis expectativas. Combina perfecto con el resto de mi decoración.,5,electronica
20,"Esperaba algo mejor, la verdad. El aplique de pared de Bosque Design las instrucciones de armado están mal traducidas y no calzan con las piezas.",2,iluminacion
21,Superó mis expectativas. El acabado se ve mucho más caro de lo que costó.,5,textil
22,Increíble calidad. Quedó espectacular en el living.,5,mueble
23,"No lo recomiendo para nada. Compré un closet modular Fabril y el material se siente mucho más barato de lo que se ve en las fotos. Para peor, el color no se parece nada a la foto del sitio. Sumado a eso, llegó con un rayón visible en la superficie. Por si fuera poco, tuve que pagar de mi bolsillo la devolución, algo que no avisaron.",1,mueble
24,Bastante conforme con el producto. El acabado se ve mucho más caro de lo que costó. Lo único es que el material se siente mucho más barato de lo que se ve en las fotos.,4,textil
25,"Muy buena compra en general. Llegó antes de lo prometido y muy bien embalado. Lo único es que llegó golpeado por todos lados, el embalaje era pésimo.",4,papeleria
26,"Una de las peores experiencias de compra que he tenido. Compré un parlante bluetooth Cordillera Home y olía fuerte a químico los primeros días. Por si fuera poco, venía con una pieza rota dentro de la caja.",1,electronica
27,"Perfecto, tal cual se describe. Es súper fácil de armar, en 10 minutos estaba listo. También llegó antes de lo prometido y muy bien embalado.",5,papeleria
28,"Esperaba mucho más por el precio que pagué. Compré un escritorio Cordillera Home y el servicio al cliente no respondió ningún correo. Además, se despegó una parte a la semana de uso. Por si fuera poco, venía con una pieza rota dentro de la caja. Una lástima, esperaba mucho más de esta marca.",1,mueble
29,Muy buena compra en general. El acabado se ve mucho más caro de lo que costó.,4,electronica
30,"Tiene varios detalles que no me convencieron. La lámpara de pie de Norden llegó golpeado por todos lados, el embalaje era pésimo.",2,iluminacion
31,"Realmente una mala experiencia de principio a fin. Compré una alfombra Cordillera Home y venía con una pieza rota dentro de la caja. Además, las instrucciones de armado están mal traducidas y no calzan con las piezas. Por si fuera poco, se despegó una parte a la semana de uso.",1,textil
32,¡Excelente! Se nota el cuidado en los detalles y terminaciones. También el diseño es precioso y funcional a la vez.,5,papeleria
33,"Velador de Puno Studio: es correcto sin sorprender, cumple su función.",3,mueble
34,Lámpara de pie de Norden: el diseño me gusta pero la calidad es regular.,3,iluminacion
35,Increíble calidad. Es exactamente como se veía en las fotos.,5,mueble
36,Audífonos de Bosque Design: el diseño me gusta pero la calidad es regular.,3,electronica
37,Superó mis expectativas. Llegó antes de lo prometido y muy bien embalado.,5,papeleria
38,"No cumplió del todo mis expectativas. El parlante bluetooth de Puno Studio el material se siente mucho más barato de lo que se ve en las fotos. Eso sí, combina perfecto con el resto de mi decoración.",2,electronica
39,"Colgante led de Cordillera Home: llegó a tiempo, aunque el embalaje podría mejorar.",3,iluminacion
40,"Esperaba algo mejor, la verdad. La lámpara de pie de Puno Studio el material se siente mucho más barato de lo que se ve en las fotos. Eso sí, el acabado se ve mucho más caro de lo que costó.",2,iluminacion
41,"Muy recomendado. El acabado se ve mucho más caro de lo que costó. Y de paso, la calidad de los materiales superó mis expectativas.",5,papeleria
42,"Perfecto, tal cual se describe. La calidad de los materiales superó mis expectativas.",5,papeleria
43,"Superó mis expectativas. Se nota el cuidado en los detalles y terminaciones. Y de paso, combina perfecto con el resto de mi decoración.",5,mueble
44,Cumple bien lo que promete. Se nota el cuidado en los detalles y terminaciones.,4,iluminacion
45,"Muy decepcionado con esta compra. Compré un cuaderno de diseño Puno Studio y tuve que pagar de mi bolsillo la devolución, algo que no avisaron. Y lo peor: olía fuerte a químico los primeros días. Sumado a eso, venía con una pieza rota dentro de la caja. Una lástima, esperaba mucho más de esta marca.",1,papeleria
46,Closet modular de Cordillera Home: el diseño me gusta pero la calidad es regular.,3,mueble
47,"Esperaba mucho más por el precio que pagué. Compré un escritorio Rukan y no coincide para nada con las medidas publicadas. Además, el acabado tiene burbujas y marcas de fábrica. Para peor, tuve que pagar de mi bolsillo la devolución, algo que no avisaron. Para peor, venía con una pieza rota dentro de la caja.",1,mueble
48,"Realmente una mala experiencia de principio a fin. Compré una lámpara de pie Puno Studio y llegó con un rayón visible en la superficie. Para peor, venía con una pieza rota dentro de la caja. Pedí el reembolso y no pienso volver a comprar acá.",1,iluminacion
49,"No cumplió del todo mis expectativas. Los audífonos de Bosque Design las instrucciones de armado están mal traducidas y no calzan con las piezas. Eso sí, la calidad de los materiales superó mis expectativas.",2,electronica
50,"Mouse inalámbrico de Puno Studio: llegó a tiempo, aunque el embalaje podría mejorar.",3,electronica
51,Increíble calidad. Se nota el cuidado en los detalles y terminaciones.,5,mueble
52,Bastante conforme con el producto. Combina perfecto con el resto de mi decoración.,4,mueble
53,Muy buena compra en general. Quedó espectacular en el living. Lo único es que faltaban tornillos y tuve que comprarlos por mi cuenta.,4,electronica
54,Increíble calidad. Combina perfecto con el resto de mi decoración.,5,papeleria
55,"Muy decepcionado con esta compra. Compré una repisa Bosque Design y el material se siente mucho más barato de lo que se ve en las fotos. Además, llegó con un rayón visible en la superficie. Por si fuera poco, el color no se parece nada a la foto del sitio. Además, el servicio al cliente no respondió ningún correo.",1,mueble
56,"Una de las peores experiencias de compra que he tenido. Compré un set de rotuladores Puno Studio y el tamaño real es bastante menor al que aparece en la descripción. Sumado a eso, las instrucciones de armado están mal traducidas y no calzan con las piezas. Además, el servicio al cliente no respondió ningún correo.",1,papeleria
57,"Muy recomendado. Llegó antes de lo prometido y muy bien embalado. Además, el acabado se ve mucho más caro de lo que costó.",5,textil
58,Bastante conforme con el producto. Es exactamente como se veía en las fotos. Lo único es que llegó con un rayón visible en la superficie.,4,mueble
59,Increíble calidad. Combina perfecto con el resto de mi decoración.,5,electronica
60,No cumplió del todo mis expectativas. El cojín de Fabril olía fuerte a químico los primeros días.,2,textil
61,"Realmente una mala experiencia de principio a fin. Compré una alfombra Norden y el acabado tiene burbujas y marcas de fábrica. Por si fuera poco, llegó golpeado por todos lados, el embalaje era pésimo. Una lástima, esperaba mucho más de esta marca.",1,textil
62,Silla de Tallerín: funciona bien pero el color es más apagado de lo que pensé.,3,mueble
63,"Muy recomendado. Quedó espectacular en el living. Y de paso, el proceso de compra y despacho fue impecable.",5,iluminacion
64,"Una de las peores experiencias de compra que he tenido. Compré un colgante LED Cordillera Home y el material se siente mucho más barato de lo que se ve en las fotos. Para peor, olía fuerte a químico los primeros días. Pedí el reembolso y no pienso volver a comprar acá.",1,iluminacion
65,"Realmente una mala experiencia de principio a fin. Compré una lámpara de pie Puno Studio y el color no se parece nada a la foto del sitio. Por si fuera poco, se despegó una parte a la semana de uso. Además, el servicio al cliente no respondió ningún correo. Además, el acabado tiene burbujas y marcas de fábrica. Una lástima, esperaba mucho más de esta marca.",1,iluminacion
66,Velador de Casa Sur: cumple lo básico pero nada extraordinario.,3,mueble
67,"Muy decepcionado con esta compra. Compré un colgante LED Fabril y llegó con un rayón visible en la superficie. Por si fuera poco, el material se siente mucho más barato de lo que se ve en las fotos. Además, el tamaño real es bastante menor al que aparece en la descripción. Además, el envío se demoró casi tres semanas más de lo prometido. Definitivamente no vale lo que cuesta.",1,iluminacion
68,"Muy decepcionado con esta compra. Compré unos audífonos Cordillera Home y el envío se demoró casi tres semanas más de lo prometido. Para peor, llegó golpeado por todos lados, el embalaje era pésimo. Además, olía fuerte a químico los primeros días. Para peor, el servicio al cliente no respondió ningún correo. Pedí el reembolso y no pienso volver a comprar acá.",1,electronica
69,Realmente una mala experiencia de principio a fin. Compré un velador con luz Puno Studio y el tamaño real es bastante menor al que aparece en la descripción. Y lo peor: venía con una pieza rota dentro de la caja. Pedí el reembolso y no pienso volver a comprar acá.,1,iluminacion
70,Muy recomendado. Se nota el cuidado en los detalles y terminaciones.,5,iluminacion
71,"Muy decepcionado con esta compra. Compré un velador con luz Lumina y llegó con un rayón visible en la superficie. Además, tuve que pagar de mi bolsillo la devolución, algo que no avisaron. Además, llegó golpeado por todos lados, el embalaje era pésimo. Pedí el reembolso y no pienso volver a comprar acá.",1,iluminacion
72,"Esperaba algo mejor, la verdad. La funda de sofá de Fabril se despegó una parte a la semana de uso.",2,textil
73,Cumple bien lo que promete. Llegó antes de lo prometido y muy bien embalado.,4,electronica
74,"Increíble calidad. El diseño es precioso y funcional a la vez. Y de paso, quedó espectacular en el living.",5,textil
75,¡Excelente! Combina perfecto con el resto de mi decoración.,5,mueble
76,"Perfecto, tal cual se describe. El proceso de compra y despacho fue impecable. Y de paso, es súper fácil de armar, en 10 minutos estaba listo.",5,iluminacion
77,"Perfecto, tal cual se describe. La calidad de los materiales superó mis expectativas. También es súper fácil de armar, en 10 minutos estaba listo.",5,electronica
78,"Realmente una mala experiencia de principio a fin. Compré un cargador rápido Puno Studio y el color no se parece nada a la foto del sitio. Por si fuera poco, venía con una pieza rota dentro de la caja. Además, llegó con un rayón visible en la superficie. Sumado a eso, faltaban tornillos y tuve que comprarlos por mi cuenta. No compraría de nuevo en esta tienda.",1,electronica
79,¡Excelente! El proceso de compra y despacho fue impecable.,5,electronica
80,Realmente una mala experiencia de principio a fin. Compré un block de bocetos Tallerín y el acabado tiene burbujas y marcas de fábrica. Y lo peor: el servicio al cliente no respondió ningún correo. Definitivamente no vale lo que cuesta.,1,papeleria
81,"Increíble calidad. Llegó antes de lo prometido y muy bien embalado. Además, el diseño es precioso y funcional a la vez.",5,textil
82,Muy buena compra en general. Se nota el cuidado en los detalles y terminaciones. Lo único es que no coincide para nada con las medidas publicadas.,4,mueble
83,"Perfecto, tal cual se describe. Combina perfecto con el resto de mi decoración.",5,iluminacion
84,"Realmente una mala experiencia de principio a fin. Compré una lámpara de pie Casa Sur y faltaban tornillos y tuve que comprarlos por mi cuenta. Por si fuera poco, llegó con un rayón visible en la superficie. Por si fuera poco, no coincide para nada con las medidas publicadas. No compraría de nuevo en esta tienda.",1,iluminacion
85,Muy recomendado. Se nota el cuidado en los detalles y terminaciones.,5,electronica
86,Tiene varios detalles que no me convencieron. El sillón de Bosque Design el acabado tiene burbujas y marcas de fábrica.,2,mueble
87,Tiene varios detalles que no me convencieron. El cojín de Bosque Design llegó con un rayón visible en la superficie.,2,textil
88,"Superó mis expectativas. Llegó antes de lo prometido y muy bien embalado. Y de paso, combina perfecto con el resto de mi decoración.",5,mueble
89,"Una de las peores experiencias de compra que he tenido. Compré un aplique de pared Fabril y venía con una pieza rota dentro de la caja. Sumado a eso, se despegó una parte a la semana de uso. Una lástima, esperaba mucho más de esta marca.",1,iluminacion
90,Set de rotuladores de Rukan: funciona bien pero el color es más apagado de lo que pensé.,3,papeleria
91,"¡Excelente! El proceso de compra y despacho fue impecable. Además, es exactamente como se veía en las fotos.",5,electronica
92,"Esperaba algo mejor, la verdad. El escritorio de Rukan venía con una pieza rota dentro de la caja.",2,mueble
93,Increíble calidad. Llegó antes de lo prometido y muy bien embalado. También el diseño es precioso y funcional a la vez.,5,papeleria
94,Bastante conforme con el producto. El acabado se ve mucho más caro de lo que costó.,4,textil
95,"Muy decepcionado con esta compra. Compré un mouse inalámbrico Rukan y el envío se demoró casi tres semanas más de lo prometido. Además, las instrucciones de armado están mal traducidas y no calzan con las piezas. Sumado a eso, el color no se parece nada a la foto del sitio. Para peor, se despegó una parte a la semana de uso.",1,electronica
96,"Cargador rápido de Norden: está bien para el precio, aunque esperaba un poco más.",3,electronica
97,Muy recomendado. El diseño es precioso y funcional a la vez.,5,electronica
98,Superó mis expectativas. La calidad de los materiales superó mis expectativas.,5,electronica
99,Cumple bien lo que promete. El acabado se ve mucho más caro de lo que costó.,4,mueble
100,Bastante conforme con el producto. Es exactamente como se veía en las fotos.,4,mueble
101,"Muy recomendado. Llegó antes de lo prometido y muy bien embalado. Y de paso, quedó espectacular en el living.",5,papeleria
102,"Realmente una mala experiencia de principio a fin. Compré una funda de sofá Puno Studio y faltaban tornillos y tuve que comprarlos por mi cuenta. Sumado a eso, tuve que pagar de mi bolsillo la devolución, algo que no avisaron. Por si fuera poco, el color no se parece nada a la foto del sitio. Además, el servicio al cliente no respondió ningún correo.",1,textil
103,Colgante led de Lumina: funciona bien pero el color es más apagado de lo que pensé.,3,iluminacion
104,"No cumplió del todo mis expectativas. El organizador de escritorio de Estudio Maule el tamaño real es bastante menor al que aparece en la descripción. Eso sí, llegó antes de lo prometido y muy bien embalado.",2,papeleria
105,"Esperaba algo mejor, la verdad. El teclado mecánico de Lumina se despegó una parte a la semana de uso.",2,electronica
106,"Lámpara de pie de Norden: llegó a tiempo, aunque el embalaje podría mejorar.",3,iluminacion
107,"Una de las peores experiencias de compra que he tenido. Compré unos audífonos Norden y no coincide para nada con las medidas publicadas. Y lo peor: venía con una pieza rota dentro de la caja. Sumado a eso, las instrucciones de armado están mal traducidas y no calzan con las piezas.",1,electronica
108,¡Excelente! El proceso de compra y despacho fue impecable.,5,mueble
109,"Esperaba mucho más por el precio que pagué. Compré un closet modular Lumina y tuve que pagar de mi bolsillo la devolución, algo que no avisaron. Para peor, el tamaño real es bastante menor al que aparece en la descripción. Y lo peor: no coincide para nada con las medidas publicadas.",1,mueble
110,"Superó mis expectativas. El proceso de compra y despacho fue impecable. Además, quedó espectacular en el living.",5,mueble
111,"Bastante conforme con el producto. Es súper fácil de armar, en 10 minutos estaba listo.",4,iluminacion
112,"Esperaba mucho más por el precio que pagué. Compré un set de rotuladores Lumina y el envío se demoró casi tres semanas más de lo prometido. Para peor, el material se siente mucho más barato de lo que se ve en las fotos. Y lo peor: las instrucciones de armado están mal traducidas y no calzan con las piezas. Por si fuera poco, se despegó una parte a la semana de uso. Definitivamente no vale lo que cuesta.",1,papeleria
113,"Perfecto, tal cual se describe. El acabado se ve mucho más caro de lo que costó.",5,textil
114,Esperaba mucho más por el precio que pagué. Compré una agenda 2026 Casa Sur y el acabado tiene burbujas y marcas de fábrica. Y lo peor: el material se siente mucho más barato de lo que se ve en las fotos.,1,papeleria
115,"Muy decepcionado con esta compra. Compré un sillón Casa Sur y el acabado tiene burbujas y marcas de fábrica. Por si fuera poco, el servicio al cliente no respondió ningún correo. Y lo peor: venía con una pieza rota dentro de la caja. Una lástima, esperaba mucho más de esta marca.",1,mueble
116,"Esperaba mucho más por el precio que pagué. Compré un teclado mecánico Fabril y el material se siente mucho más barato de lo que se ve en las fotos. Sumado a eso, el acabado tiene burbujas y marcas de fábrica. Por si fuera poco, el color no se parece nada a la foto del sitio. Por si fuera poco, faltaban tornillos y tuve que comprarlos por mi cuenta. Definitivamente no vale lo que cuesta.",1,electronica
117,Superó mis expectativas. El proceso de compra y despacho fue impecable.,5,mueble
118,"Realmente una mala experiencia de principio a fin. Compré un teclado mecánico Fabril y llegó con un rayón visible en la superficie. Además, las instrucciones de armado están mal traducidas y no calzan con las piezas. Por si fuera poco, no coincide para nada con las medidas publicadas.",1,electronica
119,Muy recomendado. Es exactamente como se veía en las fotos. También el acabado se ve mucho más caro de lo que costó.,5,electronica
120,"Perfecto, tal cual se describe. El acabado se ve mucho más caro de lo que costó. También es súper fácil de armar, en 10 minutos estaba listo.",5,textil
121,Velador de Estudio Maule: cumple lo básico pero nada extraordinario.,3,mueble
122,"Una de las peores experiencias de compra que he tenido. Compré un closet modular Rukan y faltaban tornillos y tuve que comprarlos por mi cuenta. Además, el acabado tiene burbujas y marcas de fábrica.",1,mueble
123,"¡Excelente! El proceso de compra y despacho fue impecable. Además, el diseño es precioso y funcional a la vez.",5,electronica
124,Cumple bien lo que promete. El diseño es precioso y funcional a la vez.,4,mueble
125,Cumple bien lo que promete. Quedó espectacular en el living.,4,electronica
126,Cumple bien lo que promete. Llegó antes de lo prometido y muy bien embalado.,4,electronica
127,No cumplió del todo mis expectativas. El parlante bluetooth de Cordillera Home el servicio al cliente no respondió ningún correo.,2,electronica
128,Una de las peores experiencias de compra que he tenido. Compré una cortina Estudio Maule y las instrucciones de armado están mal traducidas y no calzan con las piezas. Y lo peor: llegó con un rayón visible en la superficie.,1,textil
129,"Muy decepcionado con esta compra. Compré un cojín Lumina y el servicio al cliente no respondió ningún correo. Sumado a eso, las instrucciones de armado están mal traducidas y no calzan con las piezas. Pedí el reembolso y no pienso volver a comprar acá.",1,textil
130,"No lo recomiendo para nada. Compré un set de rotuladores Tallerín y el material se siente mucho más barato de lo que se ve en las fotos. Y lo peor: el tamaño real es bastante menor al que aparece en la descripción. Por si fuera poco, no coincide para nada con las medidas publicadas. Una lástima, esperaba mucho más de esta marca.",1,papeleria
131,"Superó mis expectativas. Llegó antes de lo prometido y muy bien embalado. Además, el diseño es precioso y funcional a la vez.",5,papeleria
132,Tiene varios detalles que no me convencieron. El block de bocetos de Tallerín el tamaño real es bastante menor al que aparece en la descripción.,2,papeleria
133,"Esperaba algo mejor, la verdad. La mesa de centro de Rukan el tamaño real es bastante menor al que aparece en la descripción.",2,mueble
134,Muy buena compra en general. Combina perfecto con el resto de mi decoración.,4,iluminacion
135,Bastante conforme con el producto. El acabado se ve mucho más caro de lo que costó.,4,electronica
136,Superó mis expectativas. La calidad de los materiales superó mis expectativas. También quedó espectacular en el living.,5,mueble
137,"Esperaba algo mejor, la verdad. El velador de Norden el color no se parece nada a la foto del sitio. Eso sí, el proceso de compra y despacho fue impecable.",2,mueble
138,Cumple bien lo que promete. La calidad de los materiales superó mis expectativas. Lo único es que las instrucciones de armado están mal traducidas y no calzan con las piezas.,4,textil
139,¡Excelente! Quedó espectacular en el living.,5,iluminacion
140,"Muy decepcionado con esta compra. Compré un banco Tallerín y tuve que pagar de mi bolsillo la devolución, algo que no avisaron. Por si fuera poco, llegó con un rayón visible en la superficie. No compraría de nuevo en esta tienda.",1,mueble
141,"Realmente una mala experiencia de principio a fin. Compré un sillón Estudio Maule y se despegó una parte a la semana de uso. Y lo peor: olía fuerte a químico los primeros días. Para peor, llegó con un rayón visible en la superficie. Definitivamente no vale lo que cuesta.",1,mueble
142,"No lo recomiendo para nada. Compré una mesa de centro Lumina y el color no se parece nada a la foto del sitio. Además, se despegó una parte a la semana de uso. Pedí el reembolso y no pienso volver a comprar acá.",1,mueble
143,"No cumplió del todo mis expectativas. El cojín de Cordillera Home el acabado tiene burbujas y marcas de fábrica. Eso sí, combina perfecto con el resto de mi decoración.",2,textil
144,"Una de las peores experiencias de compra que he tenido. Compré un cojín Rukan y el tamaño real es bastante menor al que aparece en la descripción. Además, olía fuerte a químico los primeros días. Una lástima, esperaba mucho más de esta marca.",1,textil
145,"Cuaderno de diseño de Lumina: llegó a tiempo, aunque el embalaje podría mejorar.",3,papeleria
146,Superó mis expectativas. El diseño es precioso y funcional a la vez. También llegó antes de lo prometido y muy bien embalado.,5,mueble
147,Bastante conforme con el producto. Quedó espectacular en el living.,4,textil
148,"Increíble calidad. El acabado se ve mucho más caro de lo que costó. Y de paso, combina perfecto con el resto de mi decoración.",5,iluminacion
149,Agenda 2026 de Bosque Design: cumple lo básico pero nada extraordinario.,3,papeleria
150,Tiene varios detalles que no me convencieron. El colgante LED de Rukan el tamaño real es bastante menor al que aparece en la descripción.,2,iluminacion
151,"Esperaba mucho más por el precio que pagué. Compré una mesa de centro Tallerín y olía fuerte a químico los primeros días. Por si fuera poco, faltaban tornillos y tuve que comprarlos por mi cuenta. No compraría de nuevo en esta tienda.",1,mueble
152,Muy recomendado. El proceso de compra y despacho fue impecable.,5,electronica
153,"Esperaba mucho más por el precio que pagué. Compré un closet modular Lumina y el material se siente mucho más barato de lo que se ve en las fotos. Para peor, el acabado tiene burbujas y marcas de fábrica. Y lo peor: se despegó una parte a la semana de uso. Pedí el reembolso y no pienso volver a comprar acá.",1,mueble
154,Muy buena compra en general. El proceso de compra y despacho fue impecable.,4,mueble
155,"Esperaba mucho más por el precio que pagué. Compré un parlante bluetooth Estudio Maule y el servicio al cliente no respondió ningún correo. Además, llegó con un rayón visible en la superficie. Definitivamente no vale lo que cuesta.",1,electronica
156,"Perfecto, tal cual se describe. Es súper fácil de armar, en 10 minutos estaba listo.",5,mueble
157,"Closet modular de Rukan: llegó a tiempo, aunque el embalaje podría mejorar.",3,mueble
158,¡Excelente! Quedó espectacular en el living.,5,electronica
159,"Muy buena compra en general. El proceso de compra y despacho fue impecable. Lo único es que tuve que pagar de mi bolsillo la devolución, algo que no avisaron.",4,electronica
160,Bastante conforme con el producto. El acabado se ve mucho más caro de lo que costó.,4,mueble
161,"Muy decepcionado con esta compra. Compré un velador con luz Estudio Maule y el envío se demoró casi tres semanas más de lo prometido. Por si fuera poco, el tamaño real es bastante menor al que aparece en la descripción. Una lástima, esperaba mucho más de esta marca.",1,iluminacion
162,"Esperaba algo mejor, la verdad. El set de rotuladores de Casa Sur llegó con un rayón visible en la superficie.",2,papeleria
163,"Increíble calidad. Combina perfecto con el resto de mi decoración. Además, quedó espectacular en el living.",5,iluminacion
164,"Increíble calidad. Es súper fácil de armar, en 10 minutos estaba listo.",5,mueble
165,"No cumplió del todo mis expectativas. El velador con luz de Rukan el tamaño real es bastante menor al que aparece en la descripción. Eso sí, es exactamente como se veía en las fotos.",2,iluminacion
166,"Superó mis expectativas. Llegó antes de lo prometido y muy bien embalado. Y de paso, el proceso de compra y despacho fue impecable.",5,papeleria
167,Superó mis expectativas. La calidad de los materiales superó mis expectativas.,5,mueble
168,"Perfecto, tal cual se describe. Es exactamente como se veía en las fotos.",5,mueble
169,"Esperaba algo mejor, la verdad. El parlante bluetooth de Estudio Maule llegó golpeado por todos lados, el embalaje era pésimo.",2,electronica
170,"No lo recomiendo para nada. Compré un teclado mecánico Rukan y el color no se parece nada a la foto del sitio. Y lo peor: se despegó una parte a la semana de uso. Además, el servicio al cliente no respondió ningún correo. Una lástima, esperaba mucho más de esta marca.",1,electronica
171,"No lo recomiendo para nada. Compré un parlante bluetooth Lumina y venía con una pieza rota dentro de la caja. Además, el material se siente mucho más barato de lo que se ve en las fotos. Además, llegó con un rayón visible en la superficie. Por si fuera poco, el servicio al cliente no respondió ningún correo. Definitivamente no vale lo que cuesta.",1,electronica
172,"Cinta led de Estudio Maule: está bien para el precio, aunque esperaba un poco más.",3,iluminacion
173,Tiene varios detalles que no me convencieron. El aplique de pared de Casa Sur el color no se parece nada a la foto del sitio.,2,iluminacion
174,"Muy buena compra en general. Es súper fácil de armar, en 10 minutos estaba listo.",4,mueble
175,¡Excelente! Se nota el cuidado en los detalles y terminaciones.,5,electronica
176,Bastante conforme con el producto. Quedó espectacular en el living.,4,textil
177,"Esperaba mucho más por el precio que pagué. Compré un colgante LED Fabril y venía con una pieza rota dentro de la caja. Por si fuera poco, las instrucciones de armado están mal traducidas y no calzan con las piezas.",1,iluminacion
178,Muy buena compra en general. El diseño es precioso y funcional a la vez. Lo único es que llegó con un rayón visible en la superficie.,4,mueble
179,"Muy decepcionado con esta compra. Compré un escritorio Puno Studio y las instrucciones de armado están mal traducidas y no calzan con las piezas. Para peor, el servicio al cliente no respondió ningún correo. Además, el envío se demoró casi tres semanas más de lo prometido.",1,mueble
180,"Superó mis expectativas. El proceso de compra y despacho fue impecable. Y de paso, es exactamente como se veía en las fotos.",5,papeleria
181,,5,iluminacion
182,"Una de las peores experiencias de compra que he tenido. Compré una lámpara de pie Norden y el color no se parece nada a la foto del sitio. Y lo peor: el envío se demoró casi tres semanas más de lo prometido. Por si fuera poco, el material se siente mucho más barato de lo que se ve en las fotos. Una lástima, esperaba mucho más de esta marca.",1,iluminacion
183,"Tiene varios detalles que no me convencieron. La cortina de Cordillera Home llegó golpeado por todos lados, el embalaje era pésimo. Eso sí, quedó espectacular en el living.",2,textil
184,Bastante conforme con el producto. Es exactamente como se veía en las fotos. Lo único es que venía con una pieza rota dentro de la caja.,4,papeleria
185,Superó mis expectativas. El proceso de compra y despacho fue impecable.,5,iluminacion
186,"¡Excelente! La calidad de los materiales superó mis expectativas. Además, llegó antes de lo prometido y muy bien embalado.",5,electronica
187,¡Excelente! El acabado se ve mucho más caro de lo que costó.,5,papeleria
188,Manta de Tallerín: el diseño me gusta pero la calidad es regular.,3,textil
189,Increíble calidad. Quedó espectacular en el living.,5,textil
190,"Increíble calidad. La calidad de los materiales superó mis expectativas. Y de paso, el proceso de compra y despacho fue impecable.",5,electronica
191,"Una de las peores experiencias de compra que he tenido. Compré un banco Puno Studio y tuve que pagar de mi bolsillo la devolución, algo que no avisaron. Sumado a eso, faltaban tornillos y tuve que comprarlos por mi cuenta. Y lo peor: el color no se parece nada a la foto del sitio.",1,mueble
192,"Realmente una mala experiencia de principio a fin. Compré un cojín Bosque Design y llegó con un rayón visible en la superficie. Por si fuera poco, el acabado tiene burbujas y marcas de fábrica. Sumado a eso, el color no se parece nada a la foto del sitio. Por si fuera poco, las instrucciones de armado están mal traducidas y no calzan con las piezas. Una lástima, esperaba mucho más de esta marca.",1,textil
193,Cargador rápido de Fabril: el diseño me gusta pero la calidad es regular.,3,electronica
194,"Increíble calidad. Combina perfecto con el resto de mi decoración. Y de paso, se nota el cuidado en los detalles y terminaciones.",5,mueble
195,¡Excelente! Se nota el cuidado en los detalles y terminaciones.,5,mueble
196,"Muy decepcionado con esta compra. Compré un closet modular Puno Studio y se despegó una parte a la semana de uso. Para peor, faltaban tornillos y tuve que comprarlos por mi cuenta. Definitivamente no vale lo que cuesta.",1,mueble
197,"No lo recomiendo para nada. Compré un colgante LED Norden y venía con una pieza rota dentro de la caja. Y lo peor: llegó con un rayón visible en la superficie. Sumado a eso, el material se siente mucho más barato de lo que se ve en las fotos. Pedí el reembolso y no pienso volver a comprar acá.",1,iluminacion
198,"Realmente una mala experiencia de principio a fin. Compré un sillón Cordillera Home y el color no se parece nada a la foto del sitio. Para peor, faltaban tornillos y tuve que comprarlos por mi cuenta. Y lo peor: olía fuerte a químico los primeros días. Pedí el reembolso y no pienso volver a comprar acá.",1,mueble
199,Muy buena compra en general. Llegó antes de lo prometido y muy bien embalado.,4,iluminacion
200,Bastante conforme con el producto. Se nota el cuidado en los detalles y terminaciones. Lo único es que faltaban tornillos y tuve que comprarlos por mi cuenta.,4,textil
201,"Una de las peores experiencias de compra que he tenido. Compré un organizador de escritorio Estudio Maule y el envío se demoró casi tres semanas más de lo prometido. Por si fuera poco, olía fuerte a químico los primeros días. Para peor, el material se siente mucho más barato de lo que se ve en las fotos. Por si fuera poco, el color no se parece nada a la foto del sitio.",1,papeleria
202,Cinta led de Tallerín: el diseño me gusta pero la calidad es regular.,3,iluminacion
203,"No lo recomiendo para nada. Compré una lámpara de pie Bosque Design y venía con una pieza rota dentro de la caja. Por si fuera poco, el material se siente mucho más barato de lo que se ve en las fotos. Pedí el reembolso y no pienso volver a comprar acá.",1,iluminacion
204,Increíble calidad. La calidad de los materiales superó mis expectativas.,5,papeleria
205,"Una de las peores experiencias de compra que he tenido. Compré una alfombra Estudio Maule y faltaban tornillos y tuve que comprarlos por mi cuenta. Para peor, no coincide para nada con las medidas publicadas. Para peor, las instrucciones de armado están mal traducidas y no calzan con las piezas. Además, el color no se parece nada a la foto del sitio. Una lástima, esperaba mucho más de esta marca.",1,textil
206,"No lo recomiendo para nada. Compré un velador con luz Tallerín y el envío se demoró casi tres semanas más de lo prometido. Por si fuera poco, llegó con un rayón visible en la superficie. No compraría de nuevo en esta tienda.",1,iluminacion
207,Muy buena compra en general. El diseño es precioso y funcional a la vez. Lo único es que el material se siente mucho más barato de lo que se ve en las fotos.,4,mueble
208,"Perfecto, tal cual se describe. Combina perfecto con el resto de mi decoración.",5,papeleria
209,Velador de Norden: funciona bien pero el color es más apagado de lo que pensé.,3,mueble
210,Mesa de centro de Rukan: funciona bien pero el color es más apagado de lo que pensé.,3,mueble
211,Superó mis expectativas. El acabado se ve mucho más caro de lo que costó.,5,iluminacion
212,"Realmente una mala experiencia de principio a fin. Compré un banco Cordillera Home y olía fuerte a químico los primeros días. Sumado a eso, el envío se demoró casi tres semanas más de lo prometido. Además, el material se siente mucho más barato de lo que se ve en las fotos. No compraría de nuevo en esta tienda.",1,mueble
213,"No lo recomiendo para nada. Compré un set de rotuladores Tallerín y faltaban tornillos y tuve que comprarlos por mi cuenta. Además, el acabado tiene burbujas y marcas de fábrica. Para peor, llegó con un rayón visible en la superficie. Además, tuve que pagar de mi bolsillo la devolución, algo que no avisaron.",1,papeleria
214,"No cumplió del todo mis expectativas. La silla de Bosque Design el servicio al cliente no respondió ningún correo. Eso sí, es exactamente como se veía en las fotos.",2,mueble
215,"Esperaba mucho más por el precio que pagué. Compré un block de bocetos Norden y no coincide para nada con las medidas publicadas. Por si fuera poco, olía fuerte a químico los primeros días. Por si fuera poco, llegó golpeado por todos lados, el embalaje era pésimo. Por si fuera poco, el servicio al cliente no respondió ningún correo. Pedí el reembolso y no pienso volver a comprar acá.",1,papeleria
216,¡Excelente! Quedó espectacular en el living.,5,textil
217,¡Excelente! Llegó antes de lo prometido y muy bien embalado. También el acabado se ve mucho más caro de lo que costó.,5,papeleria
218,"Esperaba mucho más por el precio que pagué. Compré un velador con luz Tallerín y el color no se parece nada a la foto del sitio. Sumado a eso, llegó con un rayón visible en la superficie.",1,iluminacion
219,Muy buena compra en general. Llegó antes de lo prometido y muy bien embalado.,4,iluminacion
220,"Realmente una mala experiencia de principio a fin. Compré un organizador de escritorio Tallerín y el servicio al cliente no respondió ningún correo. Por si fuera poco, llegó con un rayón visible en la superficie. Para peor, venía con una pieza rota dentro de la caja. Por si fuera poco, olía fuerte a químico los primeros días.",1,papeleria
221,Superó mis expectativas. Se nota el cuidado en los detalles y terminaciones. También la calidad de los materiales superó mis expectativas.,5,papeleria
222,"Esperaba algo mejor, la verdad. La funda de sofá de Casa Sur el tamaño real es bastante menor al que aparece en la descripción. Eso sí, llegó antes de lo prometido y muy bien embalado.",2,textil
223,"Esperaba mucho más por el precio que pagué. Compré un banco Casa Sur y olía fuerte a químico los primeros días. Sumado a eso, el servicio al cliente no respondió ningún correo. Por si fuera poco, llegó con un rayón visible en la superficie. Por si fuera poco, el acabado tiene burbujas y marcas de fábrica.",1,mueble
224,"No lo recomiendo para nada. Compré un escritorio Tallerín y las instrucciones de armado están mal traducidas y no calzan con las piezas. Por si fuera poco, llegó golpeado por todos lados, el embalaje era pésimo.",1,mueble
225,"Mouse inalámbrico de Lumina: es correcto sin sorprender, cumple su función.",3,electronica
226,Superó mis expectativas. El acabado se ve mucho más caro de lo que costó.,5,electronica
227,"No lo recomiendo para nada. Compré un escritorio Tallerín y el material se siente mucho más barato de lo que se ve en las fotos. Sumado a eso, se despegó una parte a la semana de uso. Por si fuera poco, faltaban tornillos y tuve que comprarlos por mi cuenta. Para peor, las instrucciones de armado están mal traducidas y no calzan con las piezas. No compraría de nuevo en esta tienda.",1,mueble
228,"Esperaba algo mejor, la verdad. El organizador de escritorio de Rukan el acabado tiene burbujas y marcas de fábrica.",2,papeleria
229,"Tiene varios detalles que no me convencieron. El sillón de Cordillera Home las instrucciones de armado están mal traducidas y no calzan con las piezas. Eso sí, es exactamente como se veía en las fotos.",2,mueble
230,"No cumplió del todo mis expectativas. El set de rotuladores de Puno Studio el color no se parece nada a la foto del sitio. Eso sí, el diseño es precioso y funcional a la vez.",2,papeleria
231,"Una de las peores experiencias de compra que he tenido. Compré una alfombra Puno Studio y tuve que pagar de mi bolsillo la devolución, algo que no avisaron. Además, se despegó una parte a la semana de uso. Por si fuera poco, el tamaño real es bastante menor al que aparece en la descripción. Además, venía con una pieza rota dentro de la caja.",1,textil
232,Muy buena compra en general. Llegó antes de lo prometido y muy bien embalado.,4,papeleria
233,Superó mis expectativas. Llegó antes de lo prometido y muy bien embalado.,5,electronica
234,Bastante conforme con el producto. El proceso de compra y despacho fue impecable.,4,mueble
235,No cumplió del todo mis expectativas. El cargador rápido de Lumina se despegó una parte a la semana de uso.,2,electronica
236,"Perfecto, tal cual se describe. El acabado se ve mucho más caro de lo que costó. Y de paso, el proceso de compra y despacho fue impecable.",5,electronica
237,"Muy recomendado. Es exactamente como se veía en las fotos. También es súper fácil de armar, en 10 minutos estaba listo.",5,electronica
238,¡Excelente! El acabado se ve mucho más caro de lo que costó.,5,mueble
239,Cortina de Bosque Design: el diseño me gusta pero la calidad es regular.,3,textil
240,"Increíble calidad. Es súper fácil de armar, en 10 minutos estaba listo. También la calidad de los materiales superó mis expectativas.",5,textil
241,"Perfecto, tal cual se describe. Se nota el cuidado en los detalles y terminaciones. Y de paso, es súper fácil de armar, en 10 minutos estaba listo.",5,iluminacion
242,"Cumple bien lo que promete. El proceso de compra y despacho fue impecable. Lo único es que tuve que pagar de mi bolsillo la devolución, algo que no avisaron.",4,textil
243,Cumple bien lo que promete. La calidad de los materiales superó mis expectativas.,4,electronica
244,Increíble calidad. Combina perfecto con el resto de mi decoración. También es exactamente como se veía en las fotos.,5,mueble
245,Muy recomendado. Es exactamente como se veía en las fotos. También el proceso de compra y despacho fue impecable.,5,electronica
246,"Muy recomendado. Llegó antes de lo prometido y muy bien embalado. Además, es súper fácil de armar, en 10 minutos estaba listo.",5,iluminacion
247,¡Excelente! El proceso de compra y despacho fue impecable.,5,papeleria
248,"Increíble calidad. El proceso de compra y despacho fue impecable. Además, llegó antes de lo prometido y muy bien embalado.",5,electronica
249,Cumple bien lo que promete. Se nota el cuidado en los detalles y terminaciones. Lo único es que el servicio al cliente no respondió ningún correo.,4,mueble
250,No cumplió del todo mis expectativas. El velador con luz de Rukan el acabado tiene burbujas y marcas de fábrica.,2,iluminacion
251,"Velador de Cordillera Home: es correcto sin sorprender, cumple su función.",3,mueble
252,"¡Excelente! Es exactamente como se veía en las fotos. Además, el diseño es precioso y funcional a la vez.",5,textil
253,Superó mis expectativas. El proceso de compra y despacho fue impecable. También el diseño es precioso y funcional a la vez.,5,mueble
254,"No lo recomiendo para nada. Compré un set de rotuladores Bosque Design y se despegó una parte a la semana de uso. Para peor, llegó con un rayón visible en la superficie. No compraría de nuevo en esta tienda.",1,papeleria
255,"Superó mis expectativas. El acabado se ve mucho más caro de lo que costó. Además, es exactamente como se veía en las fotos.",5,iluminacion
256,"No lo recomiendo para nada. Compré un sillón Norden y llegó con un rayón visible en la superficie. Y lo peor: tuve que pagar de mi bolsillo la devolución, algo que no avisaron. Por si fuera poco, el servicio al cliente no respondió ningún correo. Pedí el reembolso y no pienso volver a comprar acá.",1,mueble
257,"No cumplió del todo mis expectativas. El colgante LED de Puno Studio tuve que pagar de mi bolsillo la devolución, algo que no avisaron. Eso sí, quedó espectacular en el living.",2,iluminacion
258,"Cojín de Puno Studio: está bien para el precio, aunque esperaba un poco más.",3,textil
259,"No cumplió del todo mis expectativas. El colgante LED de Norden tuve que pagar de mi bolsillo la devolución, algo que no avisaron.",2,iluminacion
260,¡Excelente! El acabado se ve mucho más caro de lo que costó.,5,textil
261,Tiene varios detalles que no me convencieron. La agenda 2026 de Cordillera Home llegó con un rayón visible en la superficie.,2,papeleria
262,"Superó mis expectativas. Combina perfecto con el resto de mi decoración. Y de paso, es exactamente como se veía en las fotos.",5,textil
263,Tiene varios detalles que no me convencieron. La mesa de centro de Puno Studio las instrucciones de armado están mal traducidas y no calzan con las piezas.,2,mueble
264,No cumplió del todo mis expectativas. Los audífonos de Rukan el color no se parece nada a la foto del sitio.,2,electronica
265,"Superó mis expectativas. Es súper fácil de armar, en 10 minutos estaba listo. Además, el diseño es precioso y funcional a la vez.",5,textil
266,Muy decepcionado con esta compra. Compré un velador con luz Estudio Maule y el tamaño real es bastante menor al que aparece en la descripción. Y lo peor: el material se siente mucho más barato de lo que se ve en las fotos. Y lo peor: el servicio al cliente no respondió ningún correo.,1,iluminacion
267,Bastante conforme con el producto. El diseño es precioso y funcional a la vez.,4,textil
268,Cumple bien lo que promete. Se nota el cuidado en los detalles y terminaciones. Lo único es que faltaban tornillos y tuve que comprarlos por mi cuenta.,4,mueble
269,Increíble calidad. El acabado se ve mucho más caro de lo que costó.,5,iluminacion
270,"Alfombra de Fabril: está bien para el precio, aunque esperaba un poco más.",3,textil
271,Bastante conforme con el producto. El proceso de compra y despacho fue impecable.,4,textil
272,"Una de las peores experiencias de compra que he tenido. Compré un colgante LED Bosque Design y el acabado tiene burbujas y marcas de fábrica. Y lo peor: venía con una pieza rota dentro de la caja. Sumado a eso, el tamaño real es bastante menor al que aparece en la descripción.",1,iluminacion
273,"Realmente una mala experiencia de principio a fin. Compré unos audífonos Cordillera Home y no coincide para nada con las medidas publicadas. Por si fuera poco, el tamaño real es bastante menor al que aparece en la descripción. Sumado a eso, faltaban tornillos y tuve que comprarlos por mi cuenta.",1,electronica
274,Cumple bien lo que promete. El diseño es precioso y funcional a la vez.,4,iluminacion
275,Cumple bien lo que promete. El proceso de compra y despacho fue impecable. Lo único es que el tamaño real es bastante menor al que aparece en la descripción.,4,electronica
276,Superó mis expectativas. Quedó espectacular en el living.,5,iluminacion
277,"No lo recomiendo para nada. Compré un organizador de escritorio Puno Studio y olía fuerte a químico los primeros días. Por si fuera poco, las instrucciones de armado están mal traducidas y no calzan con las piezas. No compraría de nuevo en esta tienda.",1,papeleria
278,Superó mis expectativas. Llegó antes de lo prometido y muy bien embalado. También es exactamente como se veía en las fotos.,5,papeleria
279,"No lo recomiendo para nada. Compré un set de rotuladores Casa Sur y las instrucciones de armado están mal traducidas y no calzan con las piezas. Por si fuera poco, llegó golpeado por todos lados, el embalaje era pésimo. Además, el servicio al cliente no respondió ningún correo. Para peor, el color no se parece nada a la foto del sitio.",1,papeleria
280,Bastante conforme con el producto. Quedó espectacular en el living.,4,iluminacion
281,"Muy decepcionado con esta compra. Compré una alfombra Fabril y el color no se parece nada a la foto del sitio. Para peor, el servicio al cliente no respondió ningún correo.",1,textil
282,"Esperaba algo mejor, la verdad. El teclado mecánico de Norden el tamaño real es bastante menor al que aparece en la descripción.",2,electronica
283,"Realmente una mala experiencia de principio a fin. Compré un closet modular Estudio Maule y llegó golpeado por todos lados, el embalaje era pésimo. Además, el envío se demoró casi tres semanas más de lo prometido. Para peor, no coincide para nada con las medidas publicadas. Una lástima, esperaba mucho más de esta marca.",1,mueble
284,No cumplió del todo mis expectativas. La repisa de Casa Sur el tamaño real es bastante menor al que aparece en la descripción.,2,mueble
285,Muy buena compra en general. El acabado se ve mucho más caro de lo que costó. Lo único es que el color no se parece nada a la foto del sitio.,4,iluminacion
286,Muy buena compra en general. El acabado se ve mucho más caro de lo que costó.,4,papeleria
287,"Muy decepcionado con esta compra. Compré un cargador rápido Lumina y el envío se demoró casi tres semanas más de lo prometido. Y lo peor: faltaban tornillos y tuve que comprarlos por mi cuenta. Por si fuera poco, tuve que pagar de mi bolsillo la devolución, algo que no avisaron. Pedí el reembolso y no pienso volver a comprar acá.",1,electronica
288,Muy recomendado. Es exactamente como se veía en las fotos.,5,mueble
289,"Perfecto, tal cual se describe. Quedó espectacular en el living. También el proceso de compra y despacho fue impecable.",5,papeleria
290,"Esperaba algo mejor, la verdad. El colgante LED de Fabril tuve que pagar de mi bolsillo la devolución, algo que no avisaron.",2,iluminacion
291,"Una de las peores experiencias de compra que he tenido. Compré un velador con luz Cordillera Home y se despegó una parte a la semana de uso. Y lo peor: olía fuerte a químico los primeros días. Además, el envío se demoró casi tres semanas más de lo prometido. Definitivamente no vale lo que cuesta.",1,iluminacion
292,No cumplió del todo mis expectativas. La cinta LED de Norden el material se siente mucho más barato de lo que se ve en las fotos.,2,iluminacion
293,Increíble calidad. Llegó antes de lo prometido y muy bien embalado. También es exactamente como se veía en las fotos.,5,mueble
294,Muy recomendado. El acabado se ve mucho más caro de lo que costó.,5,mueble
295,"Tiene varios detalles que no me convencieron. La funda de sofá de Tallerín el color no se parece nada a la foto del sitio. Eso sí, se nota el cuidado en los detalles y terminaciones.",2,textil
296,Muy buena compra en general. El acabado se ve mucho más caro de lo que costó.,4,papeleria
297,"Una de las peores experiencias de compra que he tenido. Compré una silla Tallerín y olía fuerte a químico los primeros días. Sumado a eso, el material se siente mucho más barato de lo que se ve en las fotos. Además, el color no se parece nada a la foto del sitio. Además, las instrucciones de armado están mal traducidas y no calzan con las piezas. Pedí el reembolso y no pienso volver a comprar acá.",1,mueble
298,"Una de las peores experiencias de compra que he tenido. Compré una lámpara de pie Cordillera Home y no coincide para nada con las medidas publicadas. Por si fuera poco, olía fuerte a químico los primeros días. Sumado a eso, tuve que pagar de mi bolsillo la devolución, algo que no avisaron. Por si fuera poco, faltaban tornillos y tuve que comprarlos por mi cuenta.",1,iluminacion
299,"No lo recomiendo para nada. Compré un aplique de pared Estudio Maule y llegó golpeado por todos lados, el embalaje era pésimo. Sumado a eso, venía con una pieza rota dentro de la caja. Para peor, las instrucciones de armado están mal traducidas y no calzan con las piezas. Definitivamente no vale lo que cuesta.",1,iluminacion
300,"Perfecto, tal cual se describe. Quedó espectacular en el living. También llegó antes de lo prometido y muy bien embalado.",5,papeleria
301,"Aplique de pared de Cordillera Home: llegó a tiempo, aunque el embalaje podría mejorar.",3,iluminacion
302,"No lo recomiendo para nada. Compré un cuaderno de diseño Estudio Maule y el envío se demoró casi tres semanas más de lo prometido. Sumado a eso, llegó golpeado por todos lados, el embalaje era pésimo.",1,papeleria
303,"Esperaba mucho más por el precio que pagué. Compré unos audífonos Fabril y las instrucciones de armado están mal traducidas y no calzan con las piezas. Y lo peor: tuve que pagar de mi bolsillo la devolución, algo que no avisaron. Para peor, el tamaño real es bastante menor al que aparece en la descripción.",1,electronica
304,Muy buena compra en general. Quedó espectacular en el living.,4,textil
305,"Cargador rápido de Bosque Design: es correcto sin sorprender, cumple su función.",3,electronica
306,"No lo recomiendo para nada. Compré un aplique de pared Bosque Design y llegó con un rayón visible en la superficie. Además, el material se siente mucho más barato de lo que se ve en las fotos. Y lo peor: no coincide para nada con las medidas publicadas. No compraría de nuevo en esta tienda.",1,iluminacion
307,Muy recomendado. El proceso de compra y despacho fue impecable.,5,mueble
308,"Esperaba mucho más por el precio que pagué. Compré un sillón Lumina y llegó golpeado por todos lados, el embalaje era pésimo. Y lo peor: se despegó una parte a la semana de uso. Además, faltaban tornillos y tuve que comprarlos por mi cuenta. Pedí el reembolso y no pienso volver a comprar acá.",1,mueble
309,Muy buena compra en general. El proceso de compra y despacho fue impecable. Lo único es que venía con una pieza rota dentro de la caja.,4,electronica
310,"Superó mis expectativas. Combina perfecto con el resto de mi decoración. Y de paso, el proceso de compra y despacho fue impecable.",5,papeleria
311,Organizador de escritorio de Casa Sur: cumple lo básico pero nada extraordinario.,3,papeleria
312,"Muy recomendado. La calidad de los materiales superó mis expectativas. Y de paso, llegó antes de lo prometido y muy bien embalado.",5,electronica
313,"Muy decepcionado con esta compra. Compré una repisa Estudio Maule y faltaban tornillos y tuve que comprarlos por mi cuenta. Para peor, no coincide para nada con las medidas publicadas. Además, el acabado tiene burbujas y marcas de fábrica. Por si fuera poco, el color no se parece nada a la foto del sitio.",1,mueble
314,"Una de las peores experiencias de compra que he tenido. Compré una manta Rukan y venía con una pieza rota dentro de la caja. Por si fuera poco, no coincide para nada con las medidas publicadas.",1,textil
315,"Repisa de Estudio Maule: está bien para el precio, aunque esperaba un poco más.",3,mueble
316,"No cumplió del todo mis expectativas. El escritorio de Casa Sur el tamaño real es bastante menor al que aparece en la descripción. Eso sí, combina perfecto con el resto de mi decoración.",2,mueble
317,"Realmente una mala experiencia de principio a fin. Compré un colgante LED Rukan y el material se siente mucho más barato de lo que se ve en las fotos. Por si fuera poco, se despegó una parte a la semana de uso.",1,iluminacion
318,¡Excelente! Es exactamente como se veía en las fotos. También se nota el cuidado en los detalles y terminaciones.,5,iluminacion
319,"Tiene varios detalles que no me convencieron. La cinta LED de Bosque Design el servicio al cliente no respondió ningún correo. Eso sí, la calidad de los materiales superó mis expectativas.",2,iluminacion
320,"Muy decepcionado con esta compra. Compré una cortina Puno Studio y el material se siente mucho más barato de lo que se ve en las fotos. Sumado a eso, el acabado tiene burbujas y marcas de fábrica. Y lo peor: el tamaño real es bastante menor al que aparece en la descripción. Además, llegó golpeado por todos lados, el embalaje era pésimo.",1,textil
321,"Colgante led de Casa Sur: llegó a tiempo, aunque el embalaje podría mejorar.",3,iluminacion
322,"Perfecto, tal cual se describe. El acabado se ve mucho más caro de lo que costó.",5,iluminacion
323,"Tiene varios detalles que no me convencieron. El parlante bluetooth de Lumina el material se siente mucho más barato de lo que se ve en las fotos. Eso sí, el diseño es precioso y funcional a la vez.",2,electronica
324,"Cojín de Fabril: está bien para el precio, aunque esperaba un poco más.",3,textil
325,"Superó mis expectativas. Se nota el cuidado en los detalles y terminaciones. Además, el proceso de compra y despacho fue impecable.",5,papeleria
326,Bastante conforme con el producto. El proceso de compra y despacho fue impecable. Lo único es que el color no se parece nada a la foto del sitio.,4,mueble
327,Superó mis expectativas. Es exactamente como se veía en las fotos.,5,textil
328,"Una de las peores experiencias de compra que he tenido. Compré un teclado mecánico Fabril y faltaban tornillos y tuve que comprarlos por mi cuenta. Para peor, tuve que pagar de mi bolsillo la devolución, algo que no avisaron. Y lo peor: las instrucciones de armado están mal traducidas y no calzan con las piezas. Y lo peor: llegó con un rayón visible en la superficie. Definitivamente no vale lo que cuesta.",1,electronica
329,"Perfecto, tal cual se describe. Combina perfecto con el resto de mi decoración. Y de paso, llegó antes de lo prometido y muy bien embalado.",5,iluminacion
330,"Cojín de Estudio Maule: es correcto sin sorprender, cumple su función.",3,textil
331,"Esperaba mucho más por el precio que pagué. Compré un cojín Tallerín y llegó con un rayón visible en la superficie. Para peor, el material se siente mucho más barato de lo que se ve en las fotos. Y lo peor: llegó golpeado por todos lados, el embalaje era pésimo. No compraría de nuevo en esta tienda.",1,textil
332,"Muy decepcionado con esta compra. Compré una manta Casa Sur y se despegó una parte a la semana de uso. Además, olía fuerte a químico los primeros días. Para peor, tuve que pagar de mi bolsillo la devolución, algo que no avisaron. Definitivamente no vale lo que cuesta.",1,textil
333,Increíble calidad. Llegó antes de lo prometido y muy bien embalado.,5,electronica
334,"Una de las peores experiencias de compra que he tenido. Compré un closet modular Fabril y tuve que pagar de mi bolsillo la devolución, algo que no avisaron. Además, llegó con un rayón visible en la superficie. Por si fuera poco, el material se siente mucho más barato de lo que se ve en las fotos.",1,mueble
335,"No lo recomiendo para nada. Compré una cortina Tallerín y faltaban tornillos y tuve que comprarlos por mi cuenta. Por si fuera poco, las instrucciones de armado están mal traducidas y no calzan con las piezas. Definitivamente no vale lo que cuesta.",1,textil
336,"Perfecto, tal cual se describe. Llegó antes de lo prometido y muy bien embalado. Además, el proceso de compra y despacho fue impecable.",5,mueble
337,"Esperaba mucho más por el precio que pagué. Compré un velador con luz Puno Studio y venía con una pieza rota dentro de la caja. Y lo peor: el acabado tiene burbujas y marcas de fábrica. Además, el tamaño real es bastante menor al que aparece en la descripción.",1,iluminacion
338,Increíble calidad. La calidad de los materiales superó mis expectativas.,5,electronica
339,"Esperaba mucho más por el precio que pagué. Compré un velador con luz Tallerín y el color no se parece nada a la foto del sitio. Sumado a eso, llegó con un rayón visible en la superficie.",1,iluminacion
340,"Realmente una mala experiencia de principio a fin. Compré unos audífonos Cordillera Home y se despegó una parte a la semana de uso. Y lo peor: venía con una pieza rota dentro de la caja. Además, el acabado tiene burbujas y marcas de fábrica. Pedí el reembolso y no pienso volver a comprar acá.",1,electronica
341,"Muy decepcionado con esta compra. Compré un velador con luz Fabril y no coincide para nada con las medidas publicadas. Por si fuera poco, tuve que pagar de mi bolsillo la devolución, algo que no avisaron. Definitivamente no vale lo que cuesta.",1,iluminacion
342,Muy recomendado. Combina perfecto con el resto de mi decoración. También es exactamente como se veía en las fotos.,5,textil
343,"Perfecto, tal cual se describe. El proceso de compra y despacho fue impecable.",5,papeleria
344,"Muy recomendado. Es súper fácil de armar, en 10 minutos estaba listo. También es exactamente como se veía en las fotos.",5,papeleria
345,"Cumple bien lo que promete. El proceso de compra y despacho fue impecable. Lo único es que llegó golpeado por todos lados, el embalaje era pésimo.",4,papeleria
346,"Esperaba algo mejor, la verdad. El cojín de Tallerín llegó golpeado por todos lados, el embalaje era pésimo.",2,textil
347,"Muy decepcionado con esta compra. Compré un cuaderno de diseño Norden y venía con una pieza rota dentro de la caja. Sumado a eso, se despegó una parte a la semana de uso. Además, el acabado tiene burbujas y marcas de fábrica. Por si fuera poco, el servicio al cliente no respondió ningún correo. Una lástima, esperaba mucho más de esta marca.",1,papeleria
348,"Cumple bien lo que promete. Es súper fácil de armar, en 10 minutos estaba listo.",4,mueble
349,"Increíble calidad. El diseño es precioso y funcional a la vez. Y de paso, es súper fácil de armar, en 10 minutos estaba listo.",5,iluminacion
350,"Perfecto, tal cual se describe. Es exactamente como se veía en las fotos. Además, llegó antes de lo prometido y muy bien embalado.",5,electronica
351,,3,iluminacion
352,Bastante conforme con el producto. El proceso de compra y despacho fue impecable. Lo único es que el envío se demoró casi tres semanas más de lo prometido.,4,iluminacion
353,"¡Excelente! Se nota el cuidado en los detalles y terminaciones. Además, la calidad de los materiales superó mis expectativas.",5,mueble
354,"Muy decepcionado con esta compra. Compré unos audífonos Cordillera Home y el material se siente mucho más barato de lo que se ve en las fotos. Sumado a eso, el servicio al cliente no respondió ningún correo. Además, el envío se demoró casi tres semanas más de lo prometido. Para peor, las instrucciones de armado están mal traducidas y no calzan con las piezas. Una lástima, esperaba mucho más de esta marca.",1,electronica
355,"Funda de sofá de Estudio Maule: llegó a tiempo, aunque el embalaje podría mejorar.",3,textil
356,"Tiene varios detalles que no me convencieron. El organizador de escritorio de Norden el tamaño real es bastante menor al que aparece en la descripción. Eso sí, el diseño es precioso y funcional a la vez.",2,papeleria
357,"Perfecto, tal cual se describe. El proceso de compra y despacho fue impecable.",5,electronica
358,"Una de las peores experiencias de compra que he tenido. Compré un block de bocetos Puno Studio y el acabado tiene burbujas y marcas de fábrica. Para peor, el color no se parece nada a la foto del sitio. Pedí el reembolso y no pienso volver a comprar acá.",1,papeleria
359,"No lo recomiendo para nada. Compré una manta Fabril y el envío se demoró casi tres semanas más de lo prometido. Sumado a eso, el acabado tiene burbujas y marcas de fábrica. Además, venía con una pieza rota dentro de la caja. Y lo peor: se despegó una parte a la semana de uso. No compraría de nuevo en esta tienda.",1,textil
360,"¡Excelente! El diseño es precioso y funcional a la vez. Además, la calidad de los materiales superó mis expectativas.",5,textil
361,Bastante conforme con el producto. El proceso de compra y despacho fue impecable.,4,iluminacion
362,"Perfecto, tal cual se describe. El acabado se ve mucho más caro de lo que costó.",5,iluminacion
363,"Repisa de Cordillera Home: llegó a tiempo, aunque el embalaje podría mejorar.",3,mueble
364,"Esperaba mucho más por el precio que pagué. Compré una cinta LED Estudio Maule y el material se siente mucho más barato de lo que se ve en las fotos. Además, olía fuerte a químico los primeros días. Una lástima, esperaba mucho más de esta marca.",1,iluminacion
365,¡Excelente! El acabado se ve mucho más caro de lo que costó.,5,mueble
366,Superó mis expectativas. Se nota el cuidado en los detalles y terminaciones.,5,electronica
367,"Tiene varios detalles que no me convencieron. La lámpara de pie de Puno Studio el material se siente mucho más barato de lo que se ve en las fotos. Eso sí, llegó antes de lo prometido y muy bien embalado.",2,iluminacion
368,Bastante conforme con el producto. Se nota el cuidado en los detalles y terminaciones. Lo único es que el acabado tiene burbujas y marcas de fábrica.,4,mueble
369,Bastante conforme con el producto. La calidad de los materiales superó mis expectativas. Lo único es que el acabado tiene burbujas y marcas de fábrica.,4,mueble
370,"Una de las peores experiencias de compra que he tenido. Compré un velador con luz Cordillera Home y el material se siente mucho más barato de lo que se ve en las fotos. Para peor, las instrucciones de armado están mal traducidas y no calzan con las piezas.",1,iluminacion
371,"Mesa de centro de Tallerín: llegó a tiempo, aunque el embalaje podría mejorar.",3,mueble
372,"Tiene varios detalles que no me convencieron. El cuaderno de diseño de Bosque Design el envío se demoró casi tres semanas más de lo prometido. Eso sí, el acabado se ve mucho más caro de lo que costó.",2,papeleria
373,Bastante conforme con el producto. Se nota el cuidado en los detalles y terminaciones.,4,papeleria
374,Bastante conforme con el producto. El proceso de compra y despacho fue impecable. Lo único es que llegó con un rayón visible en la superficie.,4,mueble
375,"Muy buena compra en general. Es súper fácil de armar, en 10 minutos estaba listo. Lo único es que olía fuerte a químico los primeros días.",4,textil
376,Agenda 2026 de Lumina: el diseño me gusta pero la calidad es regular.,3,papeleria
377,"Una de las peores experiencias de compra que he tenido. Compré un organizador de escritorio Lumina y el servicio al cliente no respondió ningún correo. Sumado a eso, el tamaño real es bastante menor al que aparece en la descripción. Y lo peor: tuve que pagar de mi bolsillo la devolución, algo que no avisaron. Una lástima, esperaba mucho más de esta marca.",1,papeleria
378,No cumplió del todo mis expectativas. El banco de Bosque Design llegó con un rayón visible en la superficie.,2,mueble
379,Increíble calidad. Se nota el cuidado en los detalles y terminaciones. También quedó espectacular en el living.,5,electronica
380,"Una de las peores experiencias de compra que he tenido. Compré una cortina Puno Studio y las instrucciones de armado están mal traducidas y no calzan con las piezas. Además, el material se siente mucho más barato de lo que se ve en las fotos. Además, el servicio al cliente no respondió ningún correo. Además, se despegó una parte a la semana de uso.",1,textil
381,¡Excelente! El acabado se ve mucho más caro de lo que costó.,5,mueble
382,"Una de las peores experiencias de compra que he tenido. Compré un teclado mecánico Cordillera Home y llegó golpeado por todos lados, el embalaje era pésimo. Además, el servicio al cliente no respondió ningún correo. Una lástima, esperaba mucho más de esta marca.",1,electronica
383,"Increíble calidad. Es exactamente como se veía en las fotos. Además, llegó antes de lo prometido y muy bien embalado.",5,mueble
384,"No lo recomiendo para nada. Compré unos audífonos Lumina y olía fuerte a químico los primeros días. Sumado a eso, el servicio al cliente no respondió ningún correo. Definitivamente no vale lo que cuesta.",1,electronica
385,"Muy decepcionado con esta compra. Compré un aplique de pared Puno Studio y faltaban tornillos y tuve que comprarlos por mi cuenta. Por si fuera poco, venía con una pieza rota dentro de la caja. Sumado a eso, el color no se parece nada a la foto del sitio. Además, llegó con un rayón visible en la superficie. Una lástima, esperaba mucho más de esta marca.",1,iluminacion
386,"Perfecto, tal cual se describe. El proceso de compra y despacho fue impecable. Y de paso, combina perfecto con el resto de mi decoración.",5,mueble
387,"Escritorio de Casa Sur: llegó a tiempo, aunque el embalaje podría mejorar.",3,mueble
388,¡Excelente! Se nota el cuidado en los detalles y terminaciones. También combina perfecto con el resto de mi decoración.,5,electronica
389,"Perfecto, tal cual se describe. Se nota el cuidado en los detalles y terminaciones.",5,electronica
390,"Muy recomendado. Es súper fácil de armar, en 10 minutos estaba listo.",5,textil
391,"Perfecto, tal cual se describe. Combina perfecto con el resto de mi decoración.",5,mueble
392,Cumple bien lo que promete. El proceso de compra y despacho fue impecable.,4,mueble
393,"No cumplió del todo mis expectativas. El set de rotuladores de Casa Sur no coincide para nada con las medidas publicadas. Eso sí, el acabado se ve mucho más caro de lo que costó.",2,papeleria
394,"Muy decepcionado con esta compra. Compré un cojín Lumina y el color no se parece nada a la foto del sitio. Para peor, tuve que pagar de mi bolsillo la devolución, algo que no avisaron. Definitivamente no vale lo que cuesta.",1,textil
395,"No lo recomiendo para nada. Compré un velador con luz Cordillera Home y las instrucciones de armado están mal traducidas y no calzan con las piezas. Sumado a eso, el envío se demoró casi tres semanas más de lo prometido.",1,iluminacion
396,"Escritorio de Cordillera Home: llegó a tiempo, aunque el embalaje podría mejorar.",3,mueble
397,"Muy recomendado. El proceso de compra y despacho fue impecable. También es súper fácil de armar, en 10 minutos estaba listo.",5,electronica
398,Bastante conforme con el producto. El diseño es precioso y funcional a la vez. Lo único es que el material se siente mucho más barato de lo que se ve en las fotos.,4,iluminacion
399,Tiene varios detalles que no me convencieron. El closet modular de Fabril las instrucciones de armado están mal traducidas y no calzan con las piezas.,2,mueble
400,"Una de las peores experiencias de compra que he tenido. Compré una lámpara de pie Estudio Maule y el color no se parece nada a la foto del sitio. Y lo peor: olía fuerte a químico los primeros días. Sumado a eso, el acabado tiene burbujas y marcas de fábrica. Por si fuera poco, las instrucciones de armado están mal traducidas y no calzan con las piezas. Pedí el reembolso y no pienso volver a comprar acá.",1,iluminacion
401,"Superó mis expectativas. Se nota el cuidado en los detalles y terminaciones. Y de paso, el diseño es precioso y funcional a la vez.",5,papeleria
402,"Muy decepcionado con esta compra. Compré una agenda 2026 Norden y no coincide para nada con las medidas publicadas. Para peor, el servicio al cliente no respondió ningún correo. Y lo peor: olía fuerte a químico los primeros días. Para peor, el envío se demoró casi tres semanas más de lo prometido.",1,papeleria
403,"Una de las peores experiencias de compra que he tenido. Compré un colgante LED Rukan y el color no se parece nada a la foto del sitio. Por si fuera poco, el material se siente mucho más barato de lo que se ve en las fotos. Y lo peor: no coincide para nada con las medidas publicadas. Pedí el reembolso y no pienso volver a comprar acá.",1,iluminacion
404,Bastante conforme con el producto. Se nota el cuidado en los detalles y terminaciones.,4,mueble
405,Tiene varios detalles que no me convencieron. La mesa de centro de Fabril el envío se demoró casi tres semanas más de lo prometido.,2,mueble
406,"¡Excelente! Es súper fácil de armar, en 10 minutos estaba listo. También el proceso de compra y despacho fue impecable.",5,papeleria
407,"Tiene varios detalles que no me convencieron. El escritorio de Cordillera Home venía con una pieza rota dentro de la caja. Eso sí, combina perfecto con el resto de mi decoración.",2,mueble
408,"Muy recomendado. Combina perfecto con el resto de mi decoración. Y de paso, la calidad de los materiales superó mis expectativas.",5,iluminacion
409,"¡Excelente! Combina perfecto con el resto de mi decoración. Además, el diseño es precioso y funcional a la vez.",5,textil
410,"Superó mis expectativas. Es súper fácil de armar, en 10 minutos estaba listo. Y de paso, el diseño es precioso y funcional a la vez.",5,textil
411,"Esperaba mucho más por el precio que pagué. Compré un banco Norden y el material se siente mucho más barato de lo que se ve en las fotos. Y lo peor: el tamaño real es bastante menor al que aparece en la descripción. Por si fuera poco, el envío se demoró casi tres semanas más de lo prometido. Una lástima, esperaba mucho más de esta marca.",1,mueble
412,"Perfecto, tal cual se describe. El proceso de compra y despacho fue impecable.",5,papeleria
413,"Perfecto, tal cual se describe. El diseño es precioso y funcional a la vez.",5,iluminacion
414,"Realmente una mala experiencia de principio a fin. Compré un escritorio Bosque Design y el servicio al cliente no respondió ningún correo. Sumado a eso, el tamaño real es bastante menor al que aparece en la descripción. Definitivamente no vale lo que cuesta.",1,mueble
415,"Muy recomendado. Es súper fácil de armar, en 10 minutos estaba listo.",5,iluminacion
416,"No lo recomiendo para nada. Compré un teclado mecánico Casa Sur y el envío se demoró casi tres semanas más de lo prometido. Además, se despegó una parte a la semana de uso. Pedí el reembolso y no pienso volver a comprar acá.",1,electronica
417,"Muy decepcionado con esta compra. Compré una funda de sofá Fabril y llegó golpeado por todos lados, el embalaje era pésimo. Y lo peor: el servicio al cliente no respondió ningún correo. Además, no coincide para nada con las medidas publicadas. Una lástima, esperaba mucho más de esta marca.",1,textil
418,Increíble calidad. Combina perfecto con el resto de mi decoración.,5,textil
419,Bastante conforme con el producto. El diseño es precioso y funcional a la vez. Lo único es que el acabado tiene burbujas y marcas de fábrica.,4,iluminacion
420,"No lo recomiendo para nada. Compré un parlante bluetooth Tallerín y llegó golpeado por todos lados, el embalaje era pésimo. Además, venía con una pieza rota dentro de la caja. Además, no coincide para nada con las medidas publicadas. Además, el servicio al cliente no respondió ningún correo.",1,electronica
421,"Perfecto, tal cual se describe. El acabado se ve mucho más caro de lo que costó.",5,electronica
422,"No cumplió del todo mis expectativas. La silla de Puno Studio el material se siente mucho más barato de lo que se ve en las fotos. Eso sí, el proceso de compra y despacho fue impecable.",2,mueble
423,"Superó mis expectativas. La calidad de los materiales superó mis expectativas. Además, es súper fácil de armar, en 10 minutos estaba listo.",5,papeleria
424,"Esperaba mucho más por el precio que pagué. Compré un organizador de escritorio Norden y llegó golpeado por todos lados, el embalaje era pésimo. Para peor, no coincide para nada con las medidas publicadas. Por si fuera poco, el color no se parece nada a la foto del sitio. Definitivamente no vale lo que cuesta.",1,papeleria
425,Increíble calidad. Quedó espectacular en el living.,5,mueble
426,Muy buena compra en general. Llegó antes de lo prometido y muy bien embalado.,4,electronica
427,"No cumplió del todo mis expectativas. La mesa de centro de Lumina el servicio al cliente no respondió ningún correo. Eso sí, se nota el cuidado en los detalles y terminaciones.",2,mueble
428,Increíble calidad. El acabado se ve mucho más caro de lo que costó.,5,textil
429,"Tiene varios detalles que no me convencieron. El parlante bluetooth de Casa Sur el envío se demoró casi tres semanas más de lo prometido. Eso sí, combina perfecto con el resto de mi decoración.",2,electronica
430,No cumplió del todo mis expectativas. El closet modular de Cordillera Home el envío se demoró casi tres semanas más de lo prometido.,2,mueble
431,Tiene varios detalles que no me convencieron. La funda de sofá de Bosque Design venía con una pieza rota dentro de la caja.,2,textil
432,"Superó mis expectativas. Es exactamente como se veía en las fotos. Además, combina perfecto con el resto de mi decoración.",5,mueble
433,"No cumplió del todo mis expectativas. El set de rotuladores de Puno Studio las instrucciones de armado están mal traducidas y no calzan con las piezas. Eso sí, llegó antes de lo prometido y muy bien embalado.",2,papeleria
434,"Una de las peores experiencias de compra que he tenido. Compré un set de rotuladores Tallerín y no coincide para nada con las medidas publicadas. Por si fuera poco, tuve que pagar de mi bolsillo la devolución, algo que no avisaron. Para peor, faltaban tornillos y tuve que comprarlos por mi cuenta. Pedí el reembolso y no pienso volver a comprar acá.",1,papeleria
435,"Perfecto, tal cual se describe. La calidad de los materiales superó mis expectativas.",5,textil
436,"Muy recomendado. Es exactamente como se veía en las fotos. Y de paso, el proceso de compra y despacho fue impecable.",5,papeleria
437,"Realmente una mala experiencia de principio a fin. Compré un colgante LED Rukan y llegó con un rayón visible en la superficie. Sumado a eso, el servicio al cliente no respondió ningún correo. Y lo peor: el color no se parece nada a la foto del sitio. Definitivamente no vale lo que cuesta.",1,iluminacion
438,Tiene varios detalles que no me convencieron. El block de bocetos de Puno Studio venía con una pieza rota dentro de la caja.,2,papeleria
439,"Esperaba algo mejor, la verdad. La lámpara de pie de Fabril faltaban tornillos y tuve que comprarlos por mi cuenta.",2,iluminacion
440,"Increíble calidad. Es súper fácil de armar, en 10 minutos estaba listo. También se nota el cuidado en los detalles y terminaciones.",5,electronica
441,"Muy decepcionado con esta compra. Compré una mesa de centro Lumina y faltaban tornillos y tuve que comprarlos por mi cuenta. Para peor, el acabado tiene burbujas y marcas de fábrica. Pedí el reembolso y no pienso volver a comprar acá.",1,mueble
442,Cumple bien lo que promete. La calidad de los materiales superó mis expectativas.,4,mueble
443,"Realmente una mala experiencia de principio a fin. Compré una repisa Lumina y faltaban tornillos y tuve que comprarlos por mi cuenta. Además, llegó golpeado por todos lados, el embalaje era pésimo.",1,mueble
444,¡Excelente! El proceso de compra y despacho fue impecable.,5,textil
445,Muy recomendado. Quedó espectacular en el living.,5,papeleria
446,"No lo recomiendo para nada. Compré una repisa Puno Studio y llegó con un rayón visible en la superficie. Además, el acabado tiene burbujas y marcas de fábrica. Una lástima, esperaba mucho más de esta marca.",1,mueble
447,Bastante conforme con el producto. Llegó antes de lo prometido y muy bien embalado.,4,mueble
448,"Superó mis expectativas. El acabado se ve mucho más caro de lo que costó. Y de paso, es súper fácil de armar, en 10 minutos estaba listo.",5,textil
449,"No lo recomiendo para nada. Compré una mesa de centro Rukan y el acabado tiene burbujas y marcas de fábrica. Para peor, llegó con un rayón visible en la superficie. Una lástima, esperaba mucho más de esta marca.",1,mueble
450,"¡Excelente! Combina perfecto con el resto de mi decoración. Y de paso, es exactamente como se veía en las fotos.",5,textil
451,"Una de las peores experiencias de compra que he tenido. Compré un cojín Fabril y llegó golpeado por todos lados, el embalaje era pésimo. Sumado a eso, no coincide para nada con las medidas publicadas. No compraría de nuevo en esta tienda.",1,textil
452,"Muy recomendado. El acabado se ve mucho más caro de lo que costó. Además, es súper fácil de armar, en 10 minutos estaba listo.",5,electronica
453,"No cumplió del todo mis expectativas. La cinta LED de Casa Sur olía fuerte a químico los primeros días. Eso sí, es súper fácil de armar, en 10 minutos estaba listo.",2,iluminacion
454,"Una de las peores experiencias de compra que he tenido. Compré una agenda 2026 Rukan y llegó golpeado por todos lados, el embalaje era pésimo. Para peor, las instrucciones de armado están mal traducidas y no calzan con las piezas. No compraría de nuevo en esta tienda.",1,papeleria
455,Increíble calidad. Combina perfecto con el resto de mi decoración. También es exactamente como se veía en las fotos.,5,mueble
456,¡Excelente! La calidad de los materiales superó mis expectativas.,5,electronica
457,Bastante conforme con el producto. Es exactamente como se veía en las fotos.,4,iluminacion
458,"Una de las peores experiencias de compra que he tenido. Compré unos audífonos Tallerín y el color no se parece nada a la foto del sitio. Sumado a eso, el envío se demoró casi tres semanas más de lo prometido. Una lástima, esperaba mucho más de esta marca.",1,electronica
459,Cumple bien lo que promete. Quedó espectacular en el living. Lo único es que faltaban tornillos y tuve que comprarlos por mi cuenta.,4,textil
460,Increíble calidad. Se nota el cuidado en los detalles y terminaciones.,5,electronica
461,"Cargador rápido de Estudio Maule: es correcto sin sorprender, cumple su función.",3,electronica
462,No cumplió del todo mis expectativas. El aplique de pared de Cordillera Home el servicio al cliente no respondió ningún correo.,2,iluminacion
463,"Una de las peores experiencias de compra que he tenido. Compré un banco Tallerín y el acabado tiene burbujas y marcas de fábrica. Además, no coincide para nada con las medidas publicadas. Por si fuera poco, tuve que pagar de mi bolsillo la devolución, algo que no avisaron. No compraría de nuevo en esta tienda.",1,mueble
464,"No lo recomiendo para nada. Compré un mouse inalámbrico Norden y no coincide para nada con las medidas publicadas. Además, el acabado tiene burbujas y marcas de fábrica. Sumado a eso, venía con una pieza rota dentro de la caja. Para peor, el servicio al cliente no respondió ningún correo. Una lástima, esperaba mucho más de esta marca.",1,electronica
465,Cumple bien lo que promete. El proceso de compra y despacho fue impecable.,4,textil
466,"Esperaba mucho más por el precio que pagué. Compré una funda de sofá Norden y el material se siente mucho más barato de lo que se ve en las fotos. Y lo peor: olía fuerte a químico los primeros días. Para peor, no coincide para nada con las medidas publicadas.",1,textil
467,"Increíble calidad. Es súper fácil de armar, en 10 minutos estaba listo.",5,papeleria
468,Alfombra de Rukan: cumple lo básico pero nada extraordinario.,3,textil
469,Agenda 2026 de Tallerín: funciona bien pero el color es más apagado de lo que pensé.,3,papeleria
470,"Perfecto, tal cual se describe. La calidad de los materiales superó mis expectativas.",5,iluminacion
471,"Muy buena compra en general. Es súper fácil de armar, en 10 minutos estaba listo. Lo único es que el tamaño real es bastante menor al que aparece en la descripción.",4,textil
472,"Velador con luz de Bosque Design: llegó a tiempo, aunque el embalaje podría mejorar.",3,iluminacion
473,Muy buena compra en general. El diseño es precioso y funcional a la vez.,4,electronica
474,"No lo recomiendo para nada. Compré una funda de sofá Bosque Design y faltaban tornillos y tuve que comprarlos por mi cuenta. Por si fuera poco, venía con una pieza rota dentro de la caja.",1,textil
475,"Muy decepcionado con esta compra. Compré una agenda 2026 Fabril y faltaban tornillos y tuve que comprarlos por mi cuenta. Para peor, el color no se parece nada a la foto del sitio. Y lo peor: se despegó una parte a la semana de uso. Por si fuera poco, venía con una pieza rota dentro de la caja. Una lástima, esperaba mucho más de esta marca.",1,papeleria
476,"Realmente una mala experiencia de principio a fin. Compré un cargador rápido Norden y llegó con un rayón visible en la superficie. Sumado a eso, el acabado tiene burbujas y marcas de fábrica. Pedí el reembolso y no pienso volver a comprar acá.",1,electronica
477,"No lo recomiendo para nada. Compré un parlante bluetooth Cordillera Home y llegó con un rayón visible en la superficie. Sumado a eso, se despegó una parte a la semana de uso.",1,electronica
478,Superó mis expectativas. Es exactamente como se veía en las fotos.,5,electronica
479,"Esperaba algo mejor, la verdad. El velador con luz de Rukan faltaban tornillos y tuve que comprarlos por mi cuenta.",2,iluminacion
480,"Muy decepcionado con esta compra. Compré un cargador rápido Estudio Maule y el color no se parece nada a la foto del sitio. Para peor, llegó con un rayón visible en la superficie. Y lo peor: no coincide para nada con las medidas publicadas.",1,electronica
481,Muy recomendado. Es exactamente como se veía en las fotos. También se nota el cuidado en los detalles y terminaciones.,5,electronica
482,"Esperaba mucho más por el precio que pagué. Compré un cuaderno de diseño Casa Sur y las instrucciones de armado están mal traducidas y no calzan con las piezas. Sumado a eso, no coincide para nada con las medidas publicadas. Por si fuera poco, el material se siente mucho más barato de lo que se ve en las fotos. Además, tuve que pagar de mi bolsillo la devolución, algo que no avisaron.",1,papeleria
483,Muy recomendado. Es exactamente como se veía en las fotos.,5,mueble
484,¡Excelente! Se nota el cuidado en los detalles y terminaciones.,5,electronica
485,"Muy recomendado. El proceso de compra y despacho fue impecable. Y de paso, combina perfecto con el resto de mi decoración.",5,textil
486,"Esperaba algo mejor, la verdad. El colgante LED de Bosque Design el acabado tiene burbujas y marcas de fábrica.",2,iluminacion
487,"Block de bocetos de Fabril: es correcto sin sorprender, cumple su función.",3,papeleria
488,"Lámpara de pie de Cordillera Home: está bien para el precio, aunque esperaba un poco más.",3,iluminacion
489,Velador con luz de Lumina: funciona bien pero el color es más apagado de lo que pensé.,3,iluminacion
490,Bastante conforme con el producto. Llegó antes de lo prometido y muy bien embalado.,4,papeleria
491,"Esperaba algo mejor, la verdad. El block de bocetos de Lumina el tamaño real es bastante menor al que aparece en la descripción.",2,papeleria
492,"Realmente una mala experiencia de principio a fin. Compré un teclado mecánico Estudio Maule y no coincide para nada con las medidas publicadas. Y lo peor: el servicio al cliente no respondió ningún correo. Y lo peor: las instrucciones de armado están mal traducidas y no calzan con las piezas. Y lo peor: tuve que pagar de mi bolsillo la devolución, algo que no avisaron. Definitivamente no vale lo que cuesta.",1,electronica
493,"¡Excelente! Llegó antes de lo prometido y muy bien embalado. Y de paso, la calidad de los materiales superó mis expectativas.",5,electronica
494,"Esperaba algo mejor, la verdad. El parlante bluetooth de Fabril olía fuerte a químico los primeros días. Eso sí, llegó antes de lo prometido y muy bien embalado.",2,electronica
495,"No cumplió del todo mis expectativas. La cinta LED de Tallerín llegó con un rayón visible en la superficie. Eso sí, es exactamente como se veía en las fotos.",2,iluminacion
496,Superó mis expectativas. El proceso de compra y despacho fue impecable.,5,papeleria
497,"Muy recomendado. Es súper fácil de armar, en 10 minutos estaba listo. Y de paso, combina perfecto con el resto de mi decoración.",5,electronica
498,"¡Excelente! Es súper fácil de armar, en 10 minutos estaba listo.",5,textil
499,Bastante conforme con el producto. Quedó espectacular en el living. Lo único es que el acabado tiene burbujas y marcas de fábrica.,4,textil
500,"Muy decepcionado con esta compra. Compré un organizador de escritorio Lumina y el acabado tiene burbujas y marcas de fábrica. Por si fuera poco, el envío se demoró casi tres semanas más de lo prometido. Sumado a eso, no coincide para nada con las medidas publicadas. Pedí el reembolso y no pienso volver a comprar acá.",1,papeleria
501,Sillón de Norden: funciona bien pero el color es más apagado de lo que pensé.,3,mueble
502,"Tiene varios detalles que no me convencieron. El cojín de Casa Sur se despegó una parte a la semana de uso. Eso sí, el diseño es precioso y funcional a la vez.",2,textil
503,Muy buena compra en general. El acabado se ve mucho más caro de lo que costó. Lo único es que el material se siente mucho más barato de lo que se ve en las fotos.,4,textil
504,Superó mis expectativas. El diseño es precioso y funcional a la vez.,5,mueble
505,"Una de las peores experiencias de compra que he tenido. Compré un velador Fabril y el tamaño real es bastante menor al que aparece en la descripción. Por si fuera poco, se despegó una parte a la semana de uso.",1,mueble
506,"Una de las peores experiencias de compra que he tenido. Compré una mesa de centro Bosque Design y olía fuerte a químico los primeros días. Sumado a eso, se despegó una parte a la semana de uso. Y lo peor: el material se siente mucho más barato de lo que se ve en las fotos. Pedí el reembolso y no pienso volver a comprar acá.",1,mueble
507,"Superó mis expectativas. Es súper fácil de armar, en 10 minutos estaba listo. Y de paso, quedó espectacular en el living.",5,electronica
508,"Realmente una mala experiencia de principio a fin. Compré una funda de sofá Bosque Design y el acabado tiene burbujas y marcas de fábrica. Y lo peor: el envío se demoró casi tres semanas más de lo prometido. Por si fuera poco, las instrucciones de armado están mal traducidas y no calzan con las piezas. Por si fuera poco, venía con una pieza rota dentro de la caja. Pedí el reembolso y no pienso volver a comprar acá.",1,textil
509,"Muy decepcionado con esta compra. Compré una manta Rukan y faltaban tornillos y tuve que comprarlos por mi cuenta. Y lo peor: olía fuerte a químico los primeros días. Sumado a eso, el material se siente mucho más barato de lo que se ve en las fotos. Además, se despegó una parte a la semana de uso. Definitivamente no vale lo que cuesta.",1,textil
510,Cuaderno de diseño de Cordillera Home: el diseño me gusta pero la calidad es regular.,3,papeleria
511,No cumplió del todo mis expectativas. La alfombra de Norden las instrucciones de armado están mal traducidas y no calzan con las piezas.,2,textil
512,"Muy decepcionado con esta compra. Compré un velador Lumina y el color no se parece nada a la foto del sitio. Además, olía fuerte a químico los primeros días. Por si fuera poco, el acabado tiene burbujas y marcas de fábrica.",1,mueble
513,Cinta led de Norden: funciona bien pero el color es más apagado de lo que pensé.,3,iluminacion
514,"Esperaba algo mejor, la verdad. El parlante bluetooth de Tallerín llegó golpeado por todos lados, el embalaje era pésimo.",2,electronica
515,Muy recomendado. El acabado se ve mucho más caro de lo que costó. También combina perfecto con el resto de mi decoración.,5,papeleria
516,"Perfecto, tal cual se describe. Llegó antes de lo prometido y muy bien embalado.",5,textil
517,"Una de las peores experiencias de compra que he tenido. Compré un banco Casa Sur y el servicio al cliente no respondió ningún correo. Además, no coincide para nada con las medidas publicadas. Para peor, llegó golpeado por todos lados, el embalaje era pésimo.",1,mueble
518,"Muy buena compra en general. Es súper fácil de armar, en 10 minutos estaba listo.",4,papeleria
519,Parlante bluetooth de Cordillera Home: funciona bien pero el color es más apagado de lo que pensé.,3,electronica
520,Esperaba mucho más por el precio que pagué. Compré un banco Cordillera Home y el servicio al cliente no respondió ningún correo. Y lo peor: se despegó una parte a la semana de uso. Definitivamente no vale lo que cuesta.,1,mueble
521,Cumple bien lo que promete. Se nota el cuidado en los detalles y terminaciones. Lo único es que faltaban tornillos y tuve que comprarlos por mi cuenta.,4,textil
522,Superó mis expectativas. Combina perfecto con el resto de mi decoración.,5,iluminacion
523,¡Excelente! La calidad de los materiales superó mis expectativas.,5,textil
524,Muy recomendado. El acabado se ve mucho más caro de lo que costó. También la calidad de los materiales superó mis expectativas.,5,iluminacion
525,"Esperaba mucho más por el precio que pagué. Compré un banco Fabril y el acabado tiene burbujas y marcas de fábrica. Y lo peor: llegó golpeado por todos lados, el embalaje era pésimo. Por si fuera poco, el servicio al cliente no respondió ningún correo. Sumado a eso, el material se siente mucho más barato de lo que se ve en las fotos. No compraría de nuevo en esta tienda.",1,mueble
526,"Muy buena compra en general. Es súper fácil de armar, en 10 minutos estaba listo. Lo único es que llegó con un rayón visible en la superficie.",4,papeleria
527,Cumple bien lo que promete. El acabado se ve mucho más caro de lo que costó. Lo único es que venía con una pieza rota dentro de la caja.,4,iluminacion
528,"No lo recomiendo para nada. Compré un mouse inalámbrico Norden y el servicio al cliente no respondió ningún correo. Por si fuera poco, el material se siente mucho más barato de lo que se ve en las fotos. Sumado a eso, llegó con un rayón visible en la superficie. Definitivamente no vale lo que cuesta.",1,electronica
529,"No lo recomiendo para nada. Compré un parlante bluetooth Puno Studio y el servicio al cliente no respondió ningún correo. Para peor, el material se siente mucho más barato de lo que se ve en las fotos. Y lo peor: llegó golpeado por todos lados, el embalaje era pésimo. Definitivamente no vale lo que cuesta.",1,electronica
530,"¡Excelente! El diseño es precioso y funcional a la vez. También es súper fácil de armar, en 10 minutos estaba listo.",5,electronica
531,Cumple bien lo que promete. El diseño es precioso y funcional a la vez.,4,mueble
532,Superó mis expectativas. Llegó antes de lo prometido y muy bien embalado. También combina perfecto con el resto de mi decoración.,5,mueble
533,"Velador de Cordillera Home: llegó a tiempo, aunque el embalaje podría mejorar.",3,mueble
534,"Superó mis expectativas. Quedó espectacular en el living. Además, el acabado se ve mucho más caro de lo que costó.",5,iluminacion
535,"Set de rotuladores de Norden: está bien para el precio, aunque esperaba un poco más.",3,papeleria
536,"Esperaba algo mejor, la verdad. La agenda 2026 de Bosque Design el servicio al cliente no respondió ningún correo.",2,papeleria
537,Bastante conforme con el producto. Se nota el cuidado en los detalles y terminaciones. Lo único es que el servicio al cliente no respondió ningún correo.,4,iluminacion
538,"No cumplió del todo mis expectativas. La cortina de Cordillera Home el envío se demoró casi tres semanas más de lo prometido. Eso sí, es súper fácil de armar, en 10 minutos estaba listo.",2,textil
539,"¡Excelente! Llegó antes de lo prometido y muy bien embalado. Además, el proceso de compra y despacho fue impecable.",5,mueble
540,"Muy decepcionado con esta compra. Compré una cortina Estudio Maule y el acabado tiene burbujas y marcas de fábrica. Para peor, el color no se parece nada a la foto del sitio. Además, no coincide para nada con las medidas publicadas.",1,textil
541,"No lo recomiendo para nada. Compré una silla Norden y llegó con un rayón visible en la superficie. Por si fuera poco, el acabado tiene burbujas y marcas de fábrica. Por si fuera poco, se despegó una parte a la semana de uso.",1,mueble
542,No cumplió del todo mis expectativas. La mesa de centro de Tallerín el material se siente mucho más barato de lo que se ve en las fotos.,2,mueble
543,"Una de las peores experiencias de compra que he tenido. Compré un colgante LED Estudio Maule y el color no se parece nada a la foto del sitio. Para peor, tuve que pagar de mi bolsillo la devolución, algo que no avisaron. Una lástima, esperaba mucho más de esta marca.",1,iluminacion
544,"Esperaba mucho más por el precio que pagué. Compré un cargador rápido Rukan y venía con una pieza rota dentro de la caja. Además, el color no se parece nada a la foto del sitio. Pedí el reembolso y no pienso volver a comprar acá.",1,electronica
545,"Realmente una mala experiencia de principio a fin. Compré una agenda 2026 Tallerín y el color no se parece nada a la foto del sitio. Por si fuera poco, el tamaño real es bastante menor al que aparece en la descripción. Por si fuera poco, faltaban tornillos y tuve que comprarlos por mi cuenta. Una lástima, esperaba mucho más de esta marca.",1,papeleria
546,Tiene varios detalles que no me convencieron. Los audífonos de Norden venía con una pieza rota dentro de la caja.,2,electronica
547,"Muy decepcionado con esta compra. Compré una lámpara de pie Fabril y se despegó una parte a la semana de uso. Para peor, olía fuerte a químico los primeros días. Sumado a eso, venía con una pieza rota dentro de la caja. Por si fuera poco, el envío se demoró casi tres semanas más de lo prometido. Una lástima, esperaba mucho más de esta marca.",1,iluminacion
548,"Closet modular de Puno Studio: está bien para el precio, aunque esperaba un poco más.",3,mueble
549,Set de rotuladores de Casa Sur: el diseño me gusta pero la calidad es regular.,3,papeleria
550,"Realmente una mala experiencia de principio a fin. Compré una alfombra Norden y las instrucciones de armado están mal traducidas y no calzan con las piezas. Además, el acabado tiene burbujas y marcas de fábrica.",1,textil
551,Superó mis expectativas. El diseño es precioso y funcional a la vez.,5,papeleria
552,"No cumplió del todo mis expectativas. Los audífonos de Lumina el material se siente mucho más barato de lo que se ve en las fotos. Eso sí, el acabado se ve mucho más caro de lo que costó.",2,electronica
553,Superó mis expectativas. El acabado se ve mucho más caro de lo que costó.,5,electronica
554,"Increíble calidad. Es súper fácil de armar, en 10 minutos estaba listo. También la calidad de los materiales superó mis expectativas.",5,electronica
555,Muy recomendado. Se nota el cuidado en los detalles y terminaciones.,5,mueble
556,"No cumplió del todo mis expectativas. La silla de Bosque Design olía fuerte a químico los primeros días. Eso sí, llegó antes de lo prometido y muy bien embalado.",2,mueble
557,"No lo recomiendo para nada. Compré un escritorio Lumina y se despegó una parte a la semana de uso. Y lo peor: llegó golpeado por todos lados, el embalaje era pésimo. Por si fuera poco, tuve que pagar de mi bolsillo la devolución, algo que no avisaron.",1,mueble
558,"Una de las peores experiencias de compra que he tenido. Compré una funda de sofá Casa Sur y se despegó una parte a la semana de uso. Por si fuera poco, el material se siente mucho más barato de lo que se ve en las fotos. Por si fuera poco, tuve que pagar de mi bolsillo la devolución, algo que no avisaron. Además, el servicio al cliente no respondió ningún correo.",1,textil
559,"Muy decepcionado con esta compra. Compré una funda de sofá Estudio Maule y faltaban tornillos y tuve que comprarlos por mi cuenta. Por si fuera poco, llegó golpeado por todos lados, el embalaje era pésimo. Por si fuera poco, tuve que pagar de mi bolsillo la devolución, algo que no avisaron. Para peor, venía con una pieza rota dentro de la caja. Definitivamente no vale lo que cuesta.",1,textil
560,Increíble calidad. Quedó espectacular en el living.,5,textil
561,"Increíble calidad. Llegó antes de lo prometido y muy bien embalado. Además, es súper fácil de armar, en 10 minutos estaba listo.",5,mueble
562,"Bastante conforme con el producto. Es súper fácil de armar, en 10 minutos estaba listo. Lo único es que tuve que pagar de mi bolsillo la devolución, algo que no avisaron.",4,mueble
563,Cumple bien lo que promete. Llegó antes de lo prometido y muy bien embalado.,4,textil
564,"Increíble calidad. El diseño es precioso y funcional a la vez. Además, llegó antes de lo prometido y muy bien embalado.",5,papeleria
565,Muy recomendado. El diseño es precioso y funcional a la vez. También el proceso de compra y despacho fue impecable.,5,electronica
566,"Realmente una mala experiencia de principio a fin. Compré una agenda 2026 Cordillera Home y venía con una pieza rota dentro de la caja. Sumado a eso, se despegó una parte a la semana de uso. Para peor, el envío se demoró casi tres semanas más de lo prometido. Para peor, llegó golpeado por todos lados, el embalaje era pésimo. Definitivamente no vale lo que cuesta.",1,papeleria
567,Muy buena compra en general. El diseño es precioso y funcional a la vez.,4,mueble
568,"Esperaba algo mejor, la verdad. El sillón de Casa Sur tuve que pagar de mi bolsillo la devolución, algo que no avisaron. Eso sí, llegó antes de lo prometido y muy bien embalado.",2,mueble
569,"Perfecto, tal cual se describe. El acabado se ve mucho más caro de lo que costó. Además, la calidad de los materiales superó mis expectativas.",5,iluminacion
570,"Realmente una mala experiencia de principio a fin. Compré un teclado mecánico Cordillera Home y se despegó una parte a la semana de uso. Por si fuera poco, olía fuerte a químico los primeros días. Definitivamente no vale lo que cuesta.",1,electronica
571,"Esperaba mucho más por el precio que pagué. Compré un colgante LED Fabril y llegó con un rayón visible en la superficie. Para peor, el material se siente mucho más barato de lo que se ve en las fotos. Y lo peor: el envío se demoró casi tres semanas más de lo prometido. Pedí el reembolso y no pienso volver a comprar acá.",1,iluminacion
572,"Esperaba algo mejor, la verdad. El teclado mecánico de Casa Sur el envío se demoró casi tres semanas más de lo prometido.",2,electronica
573,"Esperaba algo mejor, la verdad. La cortina de Rukan el envío se demoró casi tres semanas más de lo prometido. Eso sí, es súper fácil de armar, en 10 minutos estaba listo.",2,textil
574,"Cargador rápido de Norden: llegó a tiempo, aunque el embalaje podría mejorar.",3,electronica
575,"Una de las peores experiencias de compra que he tenido. Compré un colgante LED Bosque Design y el envío se demoró casi tres semanas más de lo prometido. Y lo peor: el material se siente mucho más barato de lo que se ve en las fotos. Por si fuera poco, venía con una pieza rota dentro de la caja. Además, se despegó una parte a la semana de uso. Definitivamente no vale lo que cuesta.",1,iluminacion
576,Bastante conforme con el producto. Se nota el cuidado en los detalles y terminaciones. Lo único es que venía con una pieza rota dentro de la caja.,4,electronica
577,Superó mis expectativas. Se nota el cuidado en los detalles y terminaciones.,5,textil
578,Cumple bien lo que promete. Llegó antes de lo prometido y muy bien embalado. Lo único es que no coincide para nada con las medidas publicadas.,4,papeleria
579,Muy buena compra en general. Se nota el cuidado en los detalles y terminaciones. Lo único es que el servicio al cliente no respondió ningún correo.,4,textil
580,"Superó mis expectativas. Combina perfecto con el resto de mi decoración. Además, el diseño es precioso y funcional a la vez.",5,papeleria
581,"Esperaba mucho más por el precio que pagué. Compré un parlante bluetooth Lumina y faltaban tornillos y tuve que comprarlos por mi cuenta. Y lo peor: el envío se demoró casi tres semanas más de lo prometido. Sumado a eso, no coincide para nada con las medidas publicadas. Además, llegó golpeado por todos lados, el embalaje era pésimo. Una lástima, esperaba mucho más de esta marca.",1,electronica
582,Muy buena compra en general. La calidad de los materiales superó mis expectativas. Lo único es que venía con una pieza rota dentro de la caja.,4,papeleria
583,No cumplió del todo mis expectativas. La mesa de centro de Tallerín el acabado tiene burbujas y marcas de fábrica.,2,mueble
584,"Superó mis expectativas. Es súper fácil de armar, en 10 minutos estaba listo.",5,iluminacion
585,"Muy decepcionado con esta compra. Compré un aplique de pared Lumina y las instrucciones de armado están mal traducidas y no calzan con las piezas. Sumado a eso, faltaban tornillos y tuve que comprarlos por mi cuenta. Además, el color no se parece nada a la foto del sitio. Pedí el reembolso y no pienso volver a comprar acá.",1,iluminacion
586,"Realmente una mala experiencia de principio a fin. Compré una lámpara de pie Estudio Maule y llegó con un rayón visible en la superficie. Sumado a eso, el tamaño real es bastante menor al que aparece en la descripción. Una lástima, esperaba mucho más de esta marca.",1,iluminacion
587,"Una de las peores experiencias de compra que he tenido. Compré un velador con luz Tallerín y faltaban tornillos y tuve que comprarlos por mi cuenta. Por si fuera poco, llegó con un rayón visible en la superficie. Por si fuera poco, llegó golpeado por todos lados, el embalaje era pésimo.",1,iluminacion
588,"Perfecto, tal cual se describe. Quedó espectacular en el living.",5,electronica
589,Cumple bien lo que promete. Llegó antes de lo prometido y muy bien embalado.,4,electronica
590,Muy buena compra en general. Combina perfecto con el resto de mi decoración.,4,textil
591,¡Excelente! Combina perfecto con el resto de mi decoración.,5,electronica
592,"Una de las peores experiencias de compra que he tenido. Compré una alfombra Cordillera Home y no coincide para nada con las medidas publicadas. Y lo peor: el servicio al cliente no respondió ningún correo. Sumado a eso, se despegó una parte a la semana de uso. Definitivamente no vale lo que cuesta.",1,textil
593,Cumple bien lo que promete. Quedó espectacular en el living.,4,textil
594,"Esperaba algo mejor, la verdad. La cortina de Bosque Design olía fuerte a químico los primeros días.",2,textil
595,"¡Excelente! Es súper fácil de armar, en 10 minutos estaba listo.",5,iluminacion
596,"Muy decepcionado con esta compra. Compré una cinta LED Estudio Maule y llegó golpeado por todos lados, el embalaje era pésimo. Y lo peor: las instrucciones de armado están mal traducidas y no calzan con las piezas. Por si fuera poco, el tamaño real es bastante menor al que aparece en la descripción. Además, venía con una pieza rota dentro de la caja. Definitivamente no vale lo que cuesta.",1,iluminacion
597,"No cumplió del todo mis expectativas. El closet modular de Cordillera Home no coincide para nada con las medidas publicadas. Eso sí, la calidad de los materiales superó mis expectativas.",2,mueble
598,"¡Excelente! Combina perfecto con el resto de mi decoración. Además, el diseño es precioso y funcional a la vez.",5,textil
599,,1,electronica
600,"Realmente una mala experiencia de principio a fin. Compré una repisa Norden y las instrucciones de armado están mal traducidas y no calzan con las piezas. Por si fuera poco, llegó con un rayón visible en la superficie. Una lástima, esperaba mucho más de esta marca.",1,mueble
601,"Muy decepcionado con esta compra. Compré un teclado mecánico Fabril y llegó con un rayón visible en la superficie. Por si fuera poco, las instrucciones de armado están mal traducidas y no calzan con las piezas. Además, llegó golpeado por todos lados, el embalaje era pésimo. Sumado a eso, tuve que pagar de mi bolsillo la devolución, algo que no avisaron. No compraría de nuevo en esta tienda.",1,electronica
602,No cumplió del todo mis expectativas. La cortina de Casa Sur se despegó una parte a la semana de uso.,2,textil
603,¡Excelente! Se nota el cuidado en los detalles y terminaciones.,5,electronica
604,"Muy decepcionado con esta compra. Compré una silla Estudio Maule y el envío se demoró casi tres semanas más de lo prometido. Además, el color no se parece nada a la foto del sitio. Una lástima, esperaba mucho más de esta marca.",1,mueble
605,Increíble calidad. Combina perfecto con el resto de mi decoración. También quedó espectacular en el living.,5,mueble
606,"Organizador de escritorio de Rukan: llegó a tiempo, aunque el embalaje podría mejorar.",3,papeleria
607,"Muy decepcionado con esta compra. Compré un mouse inalámbrico Norden y el color no se parece nada a la foto del sitio. Por si fuera poco, venía con una pieza rota dentro de la caja. Y lo peor: el material se siente mucho más barato de lo que se ve en las fotos. Sumado a eso, no coincide para nada con las medidas publicadas.",1,electronica
608,No cumplió del todo mis expectativas. El sillón de Casa Sur llegó con un rayón visible en la superficie.,2,mueble
609,Set de rotuladores de Rukan: funciona bien pero el color es más apagado de lo que pensé.,3,papeleria
610,"Cuaderno de diseño de Norden: llegó a tiempo, aunque el embalaje podría mejorar.",3,papeleria
611,Increíble calidad. El proceso de compra y despacho fue impecable.,5,textil
612,"Funda de sofá de Bosque Design: llegó a tiempo, aunque el embalaje podría mejorar.",3,textil
613,"No lo recomiendo para nada. Compré un colgante LED Puno Studio y las instrucciones de armado están mal traducidas y no calzan con las piezas. Por si fuera poco, el servicio al cliente no respondió ningún correo. Por si fuera poco, no coincide para nada con las medidas publicadas. Una lástima, esperaba mucho más de esta marca.",1,iluminacion
614,Cumple bien lo que promete. El acabado se ve mucho más caro de lo que costó. Lo único es que el envío se demoró casi tres semanas más de lo prometido.,4,mueble
615,Muy decepcionado con esta compra. Compré un escritorio Estudio Maule y olía fuerte a químico los primeros días. Y lo peor: el material se siente mucho más barato de lo que se ve en las fotos. No compraría de nuevo en esta tienda.,1,mueble
616,"Cortina de Rukan: está bien para el precio, aunque esperaba un poco más.",3,textil
617,Cumple bien lo que promete. El proceso de compra y despacho fue impecable. Lo único es que el envío se demoró casi tres semanas más de lo prometido.,4,electronica
618,Cumple bien lo que promete. Combina perfecto con el resto de mi decoración.,4,iluminacion
619,"Esperaba algo mejor, la verdad. El closet modular de Estudio Maule el envío se demoró casi tres semanas más de lo prometido.",2,mueble
620,"Esperaba mucho más por el precio que pagué. Compré un cuaderno de diseño Norden y el color no se parece nada a la foto del sitio. Sumado a eso, venía con una pieza rota dentro de la caja. Además, el acabado tiene burbujas y marcas de fábrica. Una lástima, esperaba mucho más de esta marca.",1,papeleria
621,"Increíble calidad. El acabado se ve mucho más caro de lo que costó. Y de paso, quedó espectacular en el living.",5,iluminacion
622,"Esperaba algo mejor, la verdad. Los audífonos de Estudio Maule el material se siente mucho más barato de lo que se ve en las fotos.",2,electronica
623,"Escritorio de Lumina: está bien para el precio, aunque esperaba un poco más.",3,mueble
624,"Esperaba mucho más por el precio que pagué. Compré un banco Cordillera Home y se despegó una parte a la semana de uso. Por si fuera poco, olía fuerte a químico los primeros días. Para peor, el tamaño real es bastante menor al que aparece en la descripción. Para peor, el color no se parece nada a la foto del sitio. No compraría de nuevo en esta tienda.",1,mueble
625,,5,mueble
626,"Esperaba mucho más por el precio que pagué. Compré una silla Estudio Maule y el acabado tiene burbujas y marcas de fábrica. Además, el material se siente mucho más barato de lo que se ve en las fotos. Y lo peor: venía con una pieza rota dentro de la caja.",1,mueble
627,"No cumplió del todo mis expectativas. El set de rotuladores de Rukan faltaban tornillos y tuve que comprarlos por mi cuenta. Eso sí, el diseño es precioso y funcional a la vez.",2,papeleria
628,"Increíble calidad. Es exactamente como se veía en las fotos. Y de paso, la calidad de los materiales superó mis expectativas.",5,papeleria
629,"Tiene varios detalles que no me convencieron. El velador de Norden llegó con un rayón visible en la superficie. Eso sí, la calidad de los materiales superó mis expectativas.",2,mueble
630,¡Excelente! El proceso de compra y despacho fue impecable.,5,mueble
631,Muy recomendado. El proceso de compra y despacho fue impecable.,5,electronica
632,"Superó mis expectativas. Es súper fácil de armar, en 10 minutos estaba listo. También es exactamente como se veía en las fotos.",5,mueble
633,"Esperaba mucho más por el precio que pagué. Compré una lámpara de pie Tallerín y faltaban tornillos y tuve que comprarlos por mi cuenta. Y lo peor: el tamaño real es bastante menor al que aparece en la descripción. Para peor, el servicio al cliente no respondió ningún correo. Por si fuera poco, tuve que pagar de mi bolsillo la devolución, algo que no avisaron.",1,iluminacion
634,"Lámpara de pie de Cordillera Home: es correcto sin sorprender, cumple su función.",3,iluminacion
635,"Perfecto, tal cual se describe. Es exactamente como se veía en las fotos.",5,papeleria
636,Muy buena compra en general. El proceso de compra y despacho fue impecable.,4,electronica
637,Muy buena compra en general. Es exactamente como se veía en las fotos.,4,iluminacion
638,Tiene varios detalles que no me convencieron. La cinta LED de Tallerín faltaban tornillos y tuve que comprarlos por mi cuenta.,2,iluminacion
639,"Muy buena compra en general. Es súper fácil de armar, en 10 minutos estaba listo.",4,electronica
640,Esperaba mucho más por el precio que pagué. Compré un teclado mecánico Lumina y no coincide para nada con las medidas publicadas. Y lo peor: faltaban tornillos y tuve que comprarlos por mi cuenta.,1,electronica
641,"Superó mis expectativas. Es súper fácil de armar, en 10 minutos estaba listo.",5,mueble
642,,1,papeleria
643,"Esperaba mucho más por el precio que pagué. Compré una cinta LED Casa Sur y las instrucciones de armado están mal traducidas y no calzan con las piezas. Sumado a eso, olía fuerte a químico los primeros días. Sumado a eso, llegó con un rayón visible en la superficie. Para peor, el servicio al cliente no respondió ningún correo. Pedí el reembolso y no pienso volver a comprar acá.",1,iluminacion
644,"Perfecto, tal cual se describe. Es exactamente como se veía en las fotos. También se nota el cuidado en los detalles y terminaciones.",5,textil
645,"Realmente una mala experiencia de principio a fin. Compré un colgante LED Casa Sur y el tamaño real es bastante menor al que aparece en la descripción. Por si fuera poco, llegó golpeado por todos lados, el embalaje era pésimo. Sumado a eso, el envío se demoró casi tres semanas más de lo prometido. Una lástima, esperaba mucho más de esta marca.",1,iluminacion
646,"Perfecto, tal cual se describe. Combina perfecto con el resto de mi decoración. También se nota el cuidado en los detalles y terminaciones.",5,iluminacion
647,Bastante conforme con el producto. Se nota el cuidado en los detalles y terminaciones. Lo único es que el material se siente mucho más barato de lo que se ve en las fotos.,4,papeleria
648,"Muy recomendado. Se nota el cuidado en los detalles y terminaciones. Y de paso, combina perfecto con el resto de mi decoración.",5,iluminacion
649,"Tiene varios detalles que no me convencieron. El aplique de pared de Lumina venía con una pieza rota dentro de la caja. Eso sí, se nota el cuidado en los detalles y terminaciones.",2,iluminacion
650,"Perfecto, tal cual se describe. Es súper fácil de armar, en 10 minutos estaba listo. Además, se nota el cuidado en los detalles y terminaciones.",5,electronica
651,"Muy decepcionado con esta compra. Compré un mouse inalámbrico Estudio Maule y el tamaño real es bastante menor al que aparece en la descripción. Por si fuera poco, venía con una pieza rota dentro de la caja. No compraría de nuevo en esta tienda.",1,electronica
652,Muy recomendado. Combina perfecto con el resto de mi decoración. También se nota el cuidado en los detalles y terminaciones.,5,mueble
653,"Esperaba algo mejor, la verdad. El teclado mecánico de Casa Sur el servicio al cliente no respondió ningún correo. Eso sí, quedó espectacular en el living.",2,electronica
654,"Realmente una mala experiencia de principio a fin. Compré un escritorio Lumina y el acabado tiene burbujas y marcas de fábrica. Para peor, el color no se parece nada a la foto del sitio. Para peor, las instrucciones de armado están mal traducidas y no calzan con las piezas. Para peor, no coincide para nada con las medidas publicadas.",1,mueble
655,Bastante conforme con el producto. Combina perfecto con el resto de mi decoración.,4,mueble
656,"Funda de sofá de Puno Studio: está bien para el precio, aunque esperaba un poco más.",3,textil
657,¡Excelente! Se nota el cuidado en los detalles y terminaciones.,5,mueble
658,"Muy recomendado. Es exactamente como se veía en las fotos. Y de paso, el diseño es precioso y funcional a la vez.",5,papeleria
659,"Realmente una mala experiencia de principio a fin. Compré una silla Fabril y tuve que pagar de mi bolsillo la devolución, algo que no avisaron. Y lo peor: llegó golpeado por todos lados, el embalaje era pésimo. Definitivamente no vale lo que cuesta.",1,mueble
660,"Esperaba mucho más por el precio que pagué. Compré un cojín Lumina y llegó golpeado por todos lados, el embalaje era pésimo. Y lo peor: no coincide para nada con las medidas publicadas. No compraría de nuevo en esta tienda.",1,textil
661,"Bastante conforme con el producto. Es súper fácil de armar, en 10 minutos estaba listo.",4,electronica
662,¡Excelente! Se nota el cuidado en los detalles y terminaciones. También la calidad de los materiales superó mis expectativas.,5,electronica
663,Muy recomendado. El diseño es precioso y funcional a la vez.,5,textil
664,"¡Excelente! El diseño es precioso y funcional a la vez. Además, el proceso de compra y despacho fue impecable.",5,mueble
665,"Esperaba algo mejor, la verdad. El cuaderno de diseño de Bosque Design llegó golpeado por todos lados, el embalaje era pésimo.",2,papeleria
666,"Una de las peores experiencias de compra que he tenido. Compré un colgante LED Bosque Design y el envío se demoró casi tres semanas más de lo prometido. Para peor, olía fuerte a químico los primeros días.",1,iluminacion
667,"Muy decepcionado con esta compra. Compré una mesa de centro Casa Sur y el color no se parece nada a la foto del sitio. Para peor, llegó con un rayón visible en la superficie. Además, venía con una pieza rota dentro de la caja. Sumado a eso, el envío se demoró casi tres semanas más de lo prometido.",1,mueble
668,¡Excelente! Llegó antes de lo prometido y muy bien embalado. También el acabado se ve mucho más caro de lo que costó.,5,mueble
669,"Increíble calidad. El proceso de compra y despacho fue impecable. Y de paso, llegó antes de lo prometido y muy bien embalado.",5,mueble
670,"Perfecto, tal cual se describe. Quedó espectacular en el living. Además, es exactamente como se veía en las fotos.",5,iluminacion
671,Muy recomendado. Llegó antes de lo prometido y muy bien embalado.,5,textil
672,"Muy recomendado. Combina perfecto con el resto de mi decoración. Además, la calidad de los materiales superó mis expectativas.",5,iluminacion
673,"Bastante conforme con el producto. Quedó espectacular en el living. Lo único es que tuve que pagar de mi bolsillo la devolución, algo que no avisaron.",4,iluminacion
674,Increíble calidad. Combina perfecto con el resto de mi decoración.,5,iluminacion
675,"Muy buena compra en general. Es súper fácil de armar, en 10 minutos estaba listo.",4,textil
676,No cumplió del todo mis expectativas. La mesa de centro de Estudio Maule las instrucciones de armado están mal traducidas y no calzan con las piezas.,2,mueble
677,"No cumplió del todo mis expectativas. El cuaderno de diseño de Bosque Design el color no se parece nada a la foto del sitio. Eso sí, es súper fácil de armar, en 10 minutos estaba listo.",2,papeleria
678,"No lo recomiendo para nada. Compré una silla Estudio Maule y olía fuerte a químico los primeros días. Sumado a eso, faltaban tornillos y tuve que comprarlos por mi cuenta. Una lástima, esperaba mucho más de esta marca.",1,mueble
679,"Una de las peores experiencias de compra que he tenido. Compré un organizador de escritorio Bosque Design y faltaban tornillos y tuve que comprarlos por mi cuenta. Además, tuve que pagar de mi bolsillo la devolución, algo que no avisaron. Y lo peor: el color no se parece nada a la foto del sitio. Por si fuera poco, olía fuerte a químico los primeros días. No compraría de nuevo en esta tienda.",1,papeleria
680,"No cumplió del todo mis expectativas. El aplique de pared de Tallerín se despegó una parte a la semana de uso. Eso sí, el acabado se ve mucho más caro de lo que costó.",2,iluminacion
681,"No lo recomiendo para nada. Compré unos audífonos Tallerín y el envío se demoró casi tres semanas más de lo prometido. Y lo peor: el color no se parece nada a la foto del sitio. Además, tuve que pagar de mi bolsillo la devolución, algo que no avisaron.",1,electronica
682,Cumple bien lo que promete. El acabado se ve mucho más caro de lo que costó.,4,mueble
683,"Tiene varios detalles que no me convencieron. La lámpara de pie de Puno Studio el material se siente mucho más barato de lo que se ve en las fotos. Eso sí, llegó antes de lo prometido y muy bien embalado.",2,iluminacion
684,"Esperaba mucho más por el precio que pagué. Compré un cuaderno de diseño Fabril y el color no se parece nada a la foto del sitio. Sumado a eso, el envío se demoró casi tres semanas más de lo prometido. Por si fuera poco, no coincide para nada con las medidas publicadas. Y lo peor: el servicio al cliente no respondió ningún correo. No compraría de nuevo en esta tienda.",1,papeleria
685,Muy buena compra en general. El acabado se ve mucho más caro de lo que costó. Lo único es que olía fuerte a químico los primeros días.,4,iluminacion
686,¡Excelente! El proceso de compra y despacho fue impecable.,5,papeleria
687,"¡Excelente! Se nota el cuidado en los detalles y terminaciones. Además, el diseño es precioso y funcional a la vez.",5,textil
688,"Esperaba mucho más por el precio que pagué. Compré un colgante LED Lumina y olía fuerte a químico los primeros días. Para peor, tuve que pagar de mi bolsillo la devolución, algo que no avisaron. Además, llegó con un rayón visible en la superficie. Además, las instrucciones de armado están mal traducidas y no calzan con las piezas. No compraría de nuevo en esta tienda.",1,iluminacion
689,"Perfecto, tal cual se describe. El diseño es precioso y funcional a la vez.",5,papeleria
690,Cumple bien lo que promete. Es exactamente como se veía en las fotos.,4,electronica
691,"Muy decepcionado con esta compra. Compré una funda de sofá Tallerín y el servicio al cliente no respondió ningún correo. Para peor, las instrucciones de armado están mal traducidas y no calzan con las piezas. Y lo peor: olía fuerte a químico los primeros días.",1,textil
692,Repisa de Estudio Maule: el diseño me gusta pero la calidad es regular.,3,mueble
693,"Banco de Lumina: llegó a tiempo, aunque el embalaje podría mejorar.",3,mueble
694,"Esperaba algo mejor, la verdad. El sillón de Tallerín se despegó una parte a la semana de uso.",2,mueble
695,Set de rotuladores de Bosque Design: el diseño me gusta pero la calidad es regular.,3,papeleria
696,Muy recomendado. Se nota el cuidado en los detalles y terminaciones.,5,electronica
697,Superó mis expectativas. El acabado se ve mucho más caro de lo que costó. También llegó antes de lo prometido y muy bien embalado.,5,textil
698,"Muy buena compra en general. La calidad de los materiales superó mis expectativas. Lo único es que tuve que pagar de mi bolsillo la devolución, algo que no avisaron.",4,mueble
699,"No cumplió del todo mis expectativas. El organizador de escritorio de Casa Sur llegó golpeado por todos lados, el embalaje era pésimo. Eso sí, el acabado se ve mucho más caro de lo que costó.",2,papeleria
700,"Escritorio de Cordillera Home: llegó a tiempo, aunque el embalaje podría mejorar.",3,mueble
701,"Muy decepcionado con esta compra. Compré una silla Puno Studio y no coincide para nada con las medidas publicadas. Para peor, el acabado tiene burbujas y marcas de fábrica. Para peor, el tamaño real es bastante menor al que aparece en la descripción. Para peor, venía con una pieza rota dentro de la caja. Una lástima, esperaba mucho más de esta marca.",1,mueble
702,Cumple bien lo que promete. Combina perfecto con el resto de mi decoración. Lo único es que el tamaño real es bastante menor al que aparece en la descripción.,4,iluminacion
703,"Una de las peores experiencias de compra que he tenido. Compré un colgante LED Estudio Maule y tuve que pagar de mi bolsillo la devolución, algo que no avisaron. Y lo peor: el servicio al cliente no respondió ningún correo. No compraría de nuevo en esta tienda.",1,iluminacion
704,"Increíble calidad. Quedó espectacular en el living. Además, el proceso de compra y despacho fue impecable.",5,mueble
705,Muy buena compra en general. El diseño es precioso y funcional a la vez.,4,mueble
706,Increíble calidad. Quedó espectacular en el living.,5,mueble
707,Bastante conforme con el producto. El proceso de compra y despacho fue impecable. Lo único es que llegó con un rayón visible en la superficie.,4,iluminacion
708,"No lo recomiendo para nada. Compré un teclado mecánico Casa Sur y las instrucciones de armado están mal traducidas y no calzan con las piezas. Además, el envío se demoró casi tres semanas más de lo prometido. Por si fuera poco, venía con una pieza rota dentro de la caja. Por si fuera poco, llegó golpeado por todos lados, el embalaje era pésimo. Definitivamente no vale lo que cuesta.",1,electronica
709,"Cumple bien lo que promete. Llegó antes de lo prometido y muy bien embalado. Lo único es que llegó golpeado por todos lados, el embalaje era pésimo.",4,mueble
710,"Superó mis expectativas. Es exactamente como se veía en las fotos. Además, combina perfecto con el resto de mi decoración.",5,mueble
711,Muy recomendado. Se nota el cuidado en los detalles y terminaciones.,5,papeleria
712,"Muy decepcionado con esta compra. Compré un cargador rápido Tallerín y no coincide para nada con las medidas publicadas. Y lo peor: olía fuerte a químico los primeros días. Sumado a eso, las instrucciones de armado están mal traducidas y no calzan con las piezas.",1,electronica
713,"Superó mis expectativas. Se nota el cuidado en los detalles y terminaciones. Y de paso, el acabado se ve mucho más caro de lo que costó.",5,mueble
714,"Tiene varios detalles que no me convencieron. El banco de Lumina el material se siente mucho más barato de lo que se ve en las fotos. Eso sí, quedó espectacular en el living.",2,mueble
715,"Muy decepcionado con esta compra. Compré un organizador de escritorio Estudio Maule y llegó golpeado por todos lados, el embalaje era pésimo. Por si fuera poco, el color no se parece nada a la foto del sitio. Sumado a eso, el acabado tiene burbujas y marcas de fábrica.",1,papeleria
716,"Perfecto, tal cual se describe. El proceso de compra y despacho fue impecable. También el diseño es precioso y funcional a la vez.",5,textil
717,Muy decepcionado con esta compra. Compré un cuaderno de diseño Tallerín y el envío se demoró casi tres semanas más de lo prometido. Y lo peor: el tamaño real es bastante menor al que aparece en la descripción. Definitivamente no vale lo que cuesta.,1,papeleria
718,Cumple bien lo que promete. Es exactamente como se veía en las fotos. Lo único es que faltaban tornillos y tuve que comprarlos por mi cuenta.,4,mueble
719,"Esperaba algo mejor, la verdad. La cinta LED de Tallerín llegó golpeado por todos lados, el embalaje era pésimo.",2,iluminacion
720,"Realmente una mala experiencia de principio a fin. Compré un cojín Norden y el material se siente mucho más barato de lo que se ve en las fotos. Sumado a eso, el acabado tiene burbujas y marcas de fábrica. Por si fuera poco, el tamaño real es bastante menor al que aparece en la descripción. No compraría de nuevo en esta tienda.",1,textil
721,"Perfecto, tal cual se describe. La calidad de los materiales superó mis expectativas.",5,textil
722,Muy recomendado. Es exactamente como se veía en las fotos.,5,iluminacion
723,Superó mis expectativas. El proceso de compra y despacho fue impecable.,5,electronica
724,"Muy buena compra en general. Es súper fácil de armar, en 10 minutos estaba listo. Lo único es que llegó golpeado por todos lados, el embalaje era pésimo.",4,papeleria
725,Muy decepcionado con esta compra. Compré unos audífonos Fabril y el servicio al cliente no respondió ningún correo. Y lo peor: llegó con un rayón visible en la superficie. Y lo peor: olía fuerte a químico los primeros días.,1,electronica
726,"Realmente una mala experiencia de principio a fin. Compré un block de bocetos Bosque Design y el envío se demoró casi tres semanas más de lo prometido. Sumado a eso, llegó golpeado por todos lados, el embalaje era pésimo. Sumado a eso, se despegó una parte a la semana de uso. Además, venía con una pieza rota dentro de la caja. Pedí el reembolso y no pienso volver a comprar acá.",1,papeleria
727,Muy buena compra en general. El acabado se ve mucho más caro de lo que costó. Lo único es que el material se siente mucho más barato de lo que se ve en las fotos.,4,iluminacion
728,"Una de las peores experiencias de compra que he tenido. Compré una repisa Rukan y faltaban tornillos y tuve que comprarlos por mi cuenta. Para peor, el color no se parece nada a la foto del sitio. Sumado a eso, el envío se demoró casi tres semanas más de lo prometido. Sumado a eso, las instrucciones de armado están mal traducidas y no calzan con las piezas. Una lástima, esperaba mucho más de esta marca.",1,mueble
729,"Muy recomendado. Es súper fácil de armar, en 10 minutos estaba listo.",5,electronica
730,"No lo recomiendo para nada. Compré una manta Bosque Design y el material se siente mucho más barato de lo que se ve en las fotos. Para peor, el acabado tiene burbujas y marcas de fábrica. Por si fuera poco, olía fuerte a químico los primeros días. Y lo peor: llegó con un rayón visible en la superficie.",1,textil
731,"Escritorio de Fabril: es correcto sin sorprender, cumple su función.",3,mueble
732,Muy buena compra en general. El acabado se ve mucho más caro de lo que costó.,4,electronica
733,Cinta led de Rukan: el diseño me gusta pero la calidad es regular.,3,iluminacion
734,"Realmente una mala experiencia de principio a fin. Compré un sillón Tallerín y tuve que pagar de mi bolsillo la devolución, algo que no avisaron. Además, llegó con un rayón visible en la superficie. Sumado a eso, el envío se demoró casi tres semanas más de lo prometido.",1,mueble
735,"Esperaba algo mejor, la verdad. El velador de Casa Sur el servicio al cliente no respondió ningún correo. Eso sí, el acabado se ve mucho más caro de lo que costó.",2,mueble
736,"Realmente una mala experiencia de principio a fin. Compré una repisa Casa Sur y el servicio al cliente no respondió ningún correo. Además, llegó con un rayón visible en la superficie.",1,mueble
737,Bastante conforme con el producto. Llegó antes de lo prometido y muy bien embalado. Lo único es que el servicio al cliente no respondió ningún correo.,4,papeleria
738,Una de las peores experiencias de compra que he tenido. Compré un organizador de escritorio Lumina y no coincide para nada con las medidas publicadas. Y lo peor: el acabado tiene burbujas y marcas de fábrica.,1,papeleria
739,No lo recomiendo para nada. Compré un closet modular Rukan y el servicio al cliente no respondió ningún correo. Y lo peor: las instrucciones de armado están mal traducidas y no calzan con las piezas.,1,mueble
740,Muy recomendado. La calidad de los materiales superó mis expectativas.,5,electronica
741,Muy recomendado. Es exactamente como se veía en las fotos.,5,papeleria
742,"No lo recomiendo para nada. Compré un colgante LED Puno Studio y no coincide para nada con las medidas publicadas. Y lo peor: el tamaño real es bastante menor al que aparece en la descripción. Y lo peor: llegó golpeado por todos lados, el embalaje era pésimo. Además, el acabado tiene burbujas y marcas de fábrica. Definitivamente no vale lo que cuesta.",1,iluminacion
743,"Una de las peores experiencias de compra que he tenido. Compré un block de bocetos Norden y el tamaño real es bastante menor al que aparece en la descripción. Por si fuera poco, llegó con un rayón visible en la superficie. Definitivamente no vale lo que cuesta.",1,papeleria
744,"Tiene varios detalles que no me convencieron. El banco de Cordillera Home el envío se demoró casi tres semanas más de lo prometido. Eso sí, el proceso de compra y despacho fue impecable.",2,mueble
745,Una de las peores experiencias de compra que he tenido. Compré una manta Fabril y se despegó una parte a la semana de uso. Y lo peor: olía fuerte a químico los primeros días. Pedí el reembolso y no pienso volver a comprar acá.,1,textil
746,"Muy recomendado. El acabado se ve mucho más caro de lo que costó. Y de paso, la calidad de los materiales superó mis expectativas.",5,mueble
747,"Muy decepcionado con esta compra. Compré un velador con luz Rukan y el color no se parece nada a la foto del sitio. Además, se despegó una parte a la semana de uso. Y lo peor: llegó golpeado por todos lados, el embalaje era pésimo. Para peor, el material se siente mucho más barato de lo que se ve en las fotos.",1,iluminacion
748,"No lo recomiendo para nada. Compré un organizador de escritorio Cordillera Home y olía fuerte a químico los primeros días. Por si fuera poco, llegó golpeado por todos lados, el embalaje era pésimo.",1,papeleria
749,Cumple bien lo que promete. Es exactamente como se veía en las fotos. Lo único es que el tamaño real es bastante menor al que aparece en la descripción.,4,papeleria
750,Muy buena compra en general. El acabado se ve mucho más caro de lo que costó. Lo único es que el tamaño real es bastante menor al que aparece en la descripción.,4,textil
751,"¡Excelente! El acabado se ve mucho más caro de lo que costó. Y de paso, quedó espectacular en el living.",5,mueble
752,Set de rotuladores de Norden: funciona bien pero el color es más apagado de lo que pensé.,3,papeleria
753,Cumple bien lo que promete. El proceso de compra y despacho fue impecable.,4,electronica
754,"No lo recomiendo para nada. Compré un mouse inalámbrico Lumina y no coincide para nada con las medidas publicadas. Sumado a eso, faltaban tornillos y tuve que comprarlos por mi cuenta.",1,electronica
755,"No lo recomiendo para nada. Compré un block de bocetos Lumina y el acabado tiene burbujas y marcas de fábrica. Y lo peor: olía fuerte a químico los primeros días. Sumado a eso, llegó golpeado por todos lados, el embalaje era pésimo. Y lo peor: se despegó una parte a la semana de uso. Pedí el reembolso y no pienso volver a comprar acá.",1,papeleria
756,¡Excelente! Es exactamente como se veía en las fotos.,5,textil
757,"Muy decepcionado con esta compra. Compré un cargador rápido Norden y el color no se parece nada a la foto del sitio. Sumado a eso, llegó con un rayón visible en la superficie.",1,electronica
758,"Alfombra de Norden: está bien para el precio, aunque esperaba un poco más.",3,textil
759,"Perfecto, tal cual se describe. Es súper fácil de armar, en 10 minutos estaba listo.",5,electronica
760,"Muy recomendado. El acabado se ve mucho más caro de lo que costó. Además, el proceso de compra y despacho fue impecable.",5,iluminacion
761,"Realmente una mala experiencia de principio a fin. Compré una cinta LED Rukan y tuve que pagar de mi bolsillo la devolución, algo que no avisaron. Sumado a eso, el material se siente mucho más barato de lo que se ve en las fotos. Sumado a eso, llegó golpeado por todos lados, el embalaje era pésimo.",1,iluminacion
762,"No lo recomiendo para nada. Compré un velador con luz Lumina y olía fuerte a químico los primeros días. Para peor, venía con una pieza rota dentro de la caja. Sumado a eso, el envío se demoró casi tres semanas más de lo prometido. Para peor, el tamaño real es bastante menor al que aparece en la descripción. Una lástima, esperaba mucho más de esta marca.",1,iluminacion
763,Increíble calidad. Quedó espectacular en el living.,5,papeleria
764,Muy recomendado. Se nota el cuidado en los detalles y terminaciones.,5,textil
765,"Perfecto, tal cual se describe. El diseño es precioso y funcional a la vez. Además, el proceso de compra y despacho fue impecable.",5,mueble
766,"Superó mis expectativas. Llegó antes de lo prometido y muy bien embalado. Además, se nota el cuidado en los detalles y terminaciones.",5,mueble
767,"Perfecto, tal cual se describe. Es exactamente como se veía en las fotos. Y de paso, el proceso de compra y despacho fue impecable.",5,electronica
768,"Muy recomendado. Se nota el cuidado en los detalles y terminaciones. Además, la calidad de los materiales superó mis expectativas.",5,papeleria
769,Muy buena compra en general. Es exactamente como se veía en las fotos. Lo único es que no coincide para nada con las medidas publicadas.,4,mueble
770,"No cumplió del todo mis expectativas. El cojín de Rukan el material se siente mucho más barato de lo que se ve en las fotos. Eso sí, el acabado se ve mucho más caro de lo que costó.",2,textil
771,"No lo recomiendo para nada. Compré una silla Fabril y el tamaño real es bastante menor al que aparece en la descripción. Además, venía con una pieza rota dentro de la caja. Por si fuera poco, el envío se demoró casi tres semanas más de lo prometido. Una lástima, esperaba mucho más de esta marca.",1,mueble
772,"Muy decepcionado con esta compra. Compré una agenda 2026 Bosque Design y el envío se demoró casi tres semanas más de lo prometido. Por si fuera poco, el acabado tiene burbujas y marcas de fábrica. No compraría de nuevo en esta tienda.",1,papeleria
773,Increíble calidad. Llegó antes de lo prometido y muy bien embalado.,5,papeleria
774,Increíble calidad. El proceso de compra y despacho fue impecable.,5,papeleria
775,"Tiene varios detalles que no me convencieron. El closet modular de Puno Studio olía fuerte a químico los primeros días. Eso sí, es exactamente como se veía en las fotos.",2,mueble
776,"¡Excelente! Combina perfecto con el resto de mi decoración. Además, el diseño es precioso y funcional a la vez.",5,textil
777,"Una de las peores experiencias de compra que he tenido. Compré una cinta LED Norden y el tamaño real es bastante menor al que aparece en la descripción. Además, faltaban tornillos y tuve que comprarlos por mi cuenta.",1,iluminacion
778,Increíble calidad. Llegó antes de lo prometido y muy bien embalado. También el acabado se ve mucho más caro de lo que costó.,5,textil
779,"Bastante conforme con el producto. Es súper fácil de armar, en 10 minutos estaba listo. Lo único es que no coincide para nada con las medidas publicadas.",4,mueble
780,"Muy buena compra en general. Es súper fácil de armar, en 10 minutos estaba listo.",4,textil
781,Cumple bien lo que promete. Se nota el cuidado en los detalles y terminaciones. Lo único es que venía con una pieza rota dentro de la caja.,4,textil
782,Muy buena compra en general. Llegó antes de lo prometido y muy bien embalado. Lo único es que faltaban tornillos y tuve que comprarlos por mi cuenta.,4,mueble
783,Muy recomendado. Quedó espectacular en el living.,5,mueble
784,"Realmente una mala experiencia de principio a fin. Compré un set de rotuladores Fabril y no coincide para nada con las medidas publicadas. Sumado a eso, tuve que pagar de mi bolsillo la devolución, algo que no avisaron. Sumado a eso, olía fuerte a químico los primeros días. Una lástima, esperaba mucho más de esta marca.",1,papeleria
785,"Realmente una mala experiencia de principio a fin. Compré una agenda 2026 Cordillera Home y el material se siente mucho más barato de lo que se ve en las fotos. Sumado a eso, el servicio al cliente no respondió ningún correo.",1,papeleria
786,"Esperaba mucho más por el precio que pagué. Compré un cargador rápido Cordillera Home y se despegó una parte a la semana de uso. Y lo peor: el servicio al cliente no respondió ningún correo. Sumado a eso, el color no se parece nada a la foto del sitio.",1,electronica
787,"Perfecto, tal cual se describe. Se nota el cuidado en los detalles y terminaciones. Y de paso, el proceso de compra y despacho fue impecable.",5,mueble
788,"Muy decepcionado con esta compra. Compré una cortina Casa Sur y tuve que pagar de mi bolsillo la devolución, algo que no avisaron. Por si fuera poco, se despegó una parte a la semana de uso. Por si fuera poco, faltaban tornillos y tuve que comprarlos por mi cuenta. Y lo peor: las instrucciones de armado están mal traducidas y no calzan con las piezas.",1,textil
789,"¡Excelente! Es súper fácil de armar, en 10 minutos estaba listo. También llegó antes de lo prometido y muy bien embalado.",5,textil
790,"Muy decepcionado con esta compra. Compré una funda de sofá Cordillera Home y venía con una pieza rota dentro de la caja. Por si fuera poco, las instrucciones de armado están mal traducidas y no calzan con las piezas. Y lo peor: tuve que pagar de mi bolsillo la devolución, algo que no avisaron. Por si fuera poco, el color no se parece nada a la foto del sitio. No compraría de nuevo en esta tienda.",1,textil
791,Bastante conforme con el producto. Quedó espectacular en el living. Lo único es que olía fuerte a químico los primeros días.,4,mueble
792,"Closet modular de Cordillera Home: es correcto sin sorprender, cumple su función.",3,mueble
793,Cumple bien lo que promete. Llegó antes de lo prometido y muy bien embalado.,4,mueble
794,"Una de las peores experiencias de compra que he tenido. Compré una cinta LED Bosque Design y el material se siente mucho más barato de lo que se ve en las fotos. Y lo peor: el envío se demoró casi tres semanas más de lo prometido. Una lástima, esperaba mucho más de esta marca.",1,iluminacion
795,Muy recomendado. Es exactamente como se veía en las fotos. También quedó espectacular en el living.,5,mueble
796,Cumple bien lo que promete. Se nota el cuidado en los detalles y terminaciones. Lo único es que olía fuerte a químico los primeros días.,4,papeleria
797,"Superó mis expectativas. Llegó antes de lo prometido y muy bien embalado. Y de paso, se nota el cuidado en los detalles y terminaciones.",5,papeleria
798,"Esperaba mucho más por el precio que pagué. Compré un closet modular Norden y tuve que pagar de mi bolsillo la devolución, algo que no avisaron. Y lo peor: las instrucciones de armado están mal traducidas y no calzan con las piezas. Además, el servicio al cliente no respondió ningún correo. Pedí el reembolso y no pienso volver a comprar acá.",1,mueble
799,"Agenda 2026 de Puno Studio: llegó a tiempo, aunque el embalaje podría mejorar.",3,papeleria
800,"Realmente una mala experiencia de principio a fin. Compré un sillón Lumina y el color no se parece nada a la foto del sitio. Para peor, faltaban tornillos y tuve que comprarlos por mi cuenta. Por si fuera poco, el tamaño real es bastante menor al que aparece en la descripción. Definitivamente no vale lo que cuesta.",1,mueble
801,,1,papeleria
802,Increíble calidad. Llegó antes de lo prometido y muy bien embalado. También es exactamente como se veía en las fotos.,5,mueble
803,"Superó mis expectativas. La calidad de los materiales superó mis expectativas. Además, es súper fácil de armar, en 10 minutos estaba listo.",5,electronica
804,Muy buena compra en general. El proceso de compra y despacho fue impecable.,4,mueble
805,"Muy decepcionado con esta compra. Compré un closet modular Puno Studio y venía con una pieza rota dentro de la caja. Y lo peor: tuve que pagar de mi bolsillo la devolución, algo que no avisaron. Sumado a eso, el color no se parece nada a la foto del sitio. Una lástima, esperaba mucho más de esta marca.",1,mueble
806,"Realmente una mala experiencia de principio a fin. Compré un set de rotuladores Rukan y el acabado tiene burbujas y marcas de fábrica. Además, no coincide para nada con las medidas publicadas. Para peor, llegó golpeado por todos lados, el embalaje era pésimo. Pedí el reembolso y no pienso volver a comprar acá.",1,papeleria
807,Superó mis expectativas. El proceso de compra y despacho fue impecable. También la calidad de los materiales superó mis expectativas.,5,iluminacion
808,"Muy recomendado. Es súper fácil de armar, en 10 minutos estaba listo.",5,textil
809,"Realmente una mala experiencia de principio a fin. Compré una funda de sofá Rukan y se despegó una parte a la semana de uso. Además, faltaban tornillos y tuve que comprarlos por mi cuenta. Y lo peor: tuve que pagar de mi bolsillo la devolución, algo que no avisaron. Sumado a eso, el tamaño real es bastante menor al que aparece en la descripción. Una lástima, esperaba mucho más de esta marca.",1,textil
810,Muy buena compra en general. El proceso de compra y despacho fue impecable.,4,electronica
811,"¡Excelente! Se nota el cuidado en los detalles y terminaciones. Además, quedó espectacular en el living.",5,mueble
812,"Tiene varios detalles que no me convencieron. El teclado mecánico de Puno Studio llegó golpeado por todos lados, el embalaje era pésimo.",2,electronica
813,No cumplió del todo mis expectativas. El closet modular de Fabril se despegó una parte a la semana de uso.,2,mueble
814,Aplique de pared de Norden: el diseño me gusta pero la calidad es regular.,3,iluminacion
815,"Realmente una mala experiencia de principio a fin. Compré un block de bocetos Norden y el color no se parece nada a la foto del sitio. Por si fuera poco, faltaban tornillos y tuve que comprarlos por mi cuenta. Además, las instrucciones de armado están mal traducidas y no calzan con las piezas.",1,papeleria
816,Muy recomendado. Combina perfecto con el resto de mi decoración.,5,mueble
817,"No lo recomiendo para nada. Compré unos audífonos Cordillera Home y tuve que pagar de mi bolsillo la devolución, algo que no avisaron. Y lo peor: no coincide para nada con las medidas publicadas. Y lo peor: olía fuerte a químico los primeros días. Una lástima, esperaba mucho más de esta marca.",1,electronica
818,"Muy decepcionado con esta compra. Compré una agenda 2026 Estudio Maule y no coincide para nada con las medidas publicadas. Para peor, se despegó una parte a la semana de uso. Para peor, el acabado tiene burbujas y marcas de fábrica. Para peor, llegó con un rayón visible en la superficie. Definitivamente no vale lo que cuesta.",1,papeleria
819,Superó mis expectativas. El proceso de compra y despacho fue impecable. También se nota el cuidado en los detalles y terminaciones.,5,iluminacion
820,Superó mis expectativas. El diseño es precioso y funcional a la vez.,5,electronica
821,¡Excelente! El acabado se ve mucho más caro de lo que costó.,5,papeleria
822,"No lo recomiendo para nada. Compré un block de bocetos Estudio Maule y el acabado tiene burbujas y marcas de fábrica. Además, el servicio al cliente no respondió ningún correo.",1,papeleria
823,"Muy recomendado. Es súper fácil de armar, en 10 minutos estaba listo. También la calidad de los materiales superó mis expectativas.",5,mueble
824,Closet modular de Norden: el diseño me gusta pero la calidad es regular.,3,mueble
825,Bastante conforme con el producto. Combina perfecto con el resto de mi decoración.,4,iluminacion
826,Cumple bien lo que promete. Se nota el cuidado en los detalles y terminaciones. Lo único es que el tamaño real es bastante menor al que aparece en la descripción.,4,papeleria
827,"Esperaba algo mejor, la verdad. El parlante bluetooth de Puno Studio tuve que pagar de mi bolsillo la devolución, algo que no avisaron.",2,electronica
828,Bastante conforme con el producto. El diseño es precioso y funcional a la vez. Lo único es que no coincide para nada con las medidas publicadas.,4,electronica
829,"Muy buena compra en general. Es súper fácil de armar, en 10 minutos estaba listo. Lo único es que se despegó una parte a la semana de uso.",4,papeleria
830,"No lo recomiendo para nada. Compré una mesa de centro Bosque Design y el acabado tiene burbujas y marcas de fábrica. Sumado a eso, tuve que pagar de mi bolsillo la devolución, algo que no avisaron. Por si fuera poco, faltaban tornillos y tuve que comprarlos por mi cuenta. Y lo peor: el material se siente mucho más barato de lo que se ve en las fotos. Una lástima, esperaba mucho más de esta marca.",1,mueble
831,Realmente una mala experiencia de principio a fin. Compré una agenda 2026 Cordillera Home y el envío se demoró casi tres semanas más de lo prometido. Y lo peor: el acabado tiene burbujas y marcas de fábrica.,1,papeleria
832,"Muy recomendado. Es súper fácil de armar, en 10 minutos estaba listo.",5,textil
833,"Realmente una mala experiencia de principio a fin. Compré un closet modular Norden y se despegó una parte a la semana de uso. Sumado a eso, llegó con un rayón visible en la superficie. Pedí el reembolso y no pienso volver a comprar acá.",1,mueble
834,"Muy decepcionado con esta compra. Compré un mouse inalámbrico Norden y el servicio al cliente no respondió ningún correo. Sumado a eso, el color no se parece nada a la foto del sitio. Por si fuera poco, tuve que pagar de mi bolsillo la devolución, algo que no avisaron.",1,electronica
835,Tiene varios detalles que no me convencieron. El colgante LED de Lumina el color no se parece nada a la foto del sitio.,2,iluminacion
836,"Tiene varios detalles que no me convencieron. El banco de Casa Sur el acabado tiene burbujas y marcas de fábrica. Eso sí, el proceso de compra y despacho fue impecable.",2,mueble
837,,3,textil
838,"Esperaba algo mejor, la verdad. Los audífonos de Tallerín el color no se parece nada a la foto del sitio.",2,electronica
839,Cumple bien lo que promete. El diseño es precioso y funcional a la vez. Lo único es que no coincide para nada con las medidas publicadas.,4,electronica
840,"Esperaba mucho más por el precio que pagué. Compré un velador Casa Sur y el servicio al cliente no respondió ningún correo. Además, llegó con un rayón visible en la superficie. Además, faltaban tornillos y tuve que comprarlos por mi cuenta. Definitivamente no vale lo que cuesta.",1,mueble
841,Increíble calidad. Quedó espectacular en el living.,5,iluminacion
842,"¡Excelente! Es súper fácil de armar, en 10 minutos estaba listo.",5,mueble
843,"Esperaba algo mejor, la verdad. El teclado mecánico de Lumina el acabado tiene burbujas y marcas de fábrica. Eso sí, el proceso de compra y despacho fue impecable.",2,electronica
844,"Block de bocetos de Norden: llegó a tiempo, aunque el embalaje podría mejorar.",3,papeleria
845,"Muy recomendado. Es exactamente como se veía en las fotos. Además, el acabado se ve mucho más caro de lo que costó.",5,textil
846,Block de bocetos de Puno Studio: cumple lo básico pero nada extraordinario.,3,papeleria
847,"Bastante conforme con el producto. Es súper fácil de armar, en 10 minutos estaba listo.",4,mueble
848,"Realmente una mala experiencia de principio a fin. Compré una funda de sofá Puno Studio y llegó con un rayón visible en la superficie. Para peor, tuve que pagar de mi bolsillo la devolución, algo que no avisaron. Una lástima, esperaba mucho más de esta marca.",1,textil
849,¡Excelente! Es exactamente como se veía en las fotos.,5,papeleria
850,Muy buena compra en general. Se nota el cuidado en los detalles y terminaciones.,4,papeleria
851,Muy recomendado. La calidad de los materiales superó mis expectativas.,5,textil
852,"No lo recomiendo para nada. Compré un banco Rukan y el tamaño real es bastante menor al que aparece en la descripción. Además, el material se siente mucho más barato de lo que se ve en las fotos. Una lástima, esperaba mucho más de esta marca.",1,mueble
853,"Esperaba algo mejor, la verdad. Los audífonos de Norden venía con una pieza rota dentro de la caja.",2,electronica
854,"Realmente una mala experiencia de principio a fin. Compré un escritorio Norden y el color no se parece nada a la foto del sitio. Y lo peor: el tamaño real es bastante menor al que aparece en la descripción. Sumado a eso, no coincide para nada con las medidas publicadas.",1,mueble
855,"Esperaba algo mejor, la verdad. La mesa de centro de Lumina el color no se parece nada a la foto del sitio.",2,mueble
856,"Una de las peores experiencias de compra que he tenido. Compré un organizador de escritorio Cordillera Home y el material se siente mucho más barato de lo que se ve en las fotos. Para peor, el servicio al cliente no respondió ningún correo. Para peor, tuve que pagar de mi bolsillo la devolución, algo que no avisaron. Una lástima, esperaba mucho más de esta marca.",1,papeleria
857,"Una de las peores experiencias de compra que he tenido. Compré un block de bocetos Fabril y el acabado tiene burbujas y marcas de fábrica. Por si fuera poco, tuve que pagar de mi bolsillo la devolución, algo que no avisaron. Para peor, llegó con un rayón visible en la superficie. Sumado a eso, las instrucciones de armado están mal traducidas y no calzan con las piezas.",1,papeleria
858,Muy buena compra en general. Combina perfecto con el resto de mi decoración.,4,electronica
859,Bastante conforme con el producto. Es exactamente como se veía en las fotos. Lo único es que no coincide para nada con las medidas publicadas.,4,mueble
860,¡Excelente! Combina perfecto con el resto de mi decoración.,5,electronica
861,"Escritorio de Puno Studio: está bien para el precio, aunque esperaba un poco más.",3,mueble
862,Muy recomendado. El diseño es precioso y funcional a la vez.,5,iluminacion
863,Bastante conforme con el producto. La calidad de los materiales superó mis expectativas.,4,textil
864,"Perfecto, tal cual se describe. El acabado se ve mucho más caro de lo que costó. Además, el proceso de compra y despacho fue impecable.",5,electronica
865,No cumplió del todo mis expectativas. La cortina de Estudio Maule las instrucciones de armado están mal traducidas y no calzan con las piezas.,2,textil
866,"No cumplió del todo mis expectativas. El cargador rápido de Cordillera Home venía con una pieza rota dentro de la caja. Eso sí, el diseño es precioso y funcional a la vez.",2,electronica
867,"Superó mis expectativas. Combina perfecto con el resto de mi decoración. Y de paso, la calidad de los materiales superó mis expectativas.",5,mueble
868,"Esperaba algo mejor, la verdad. El organizador de escritorio de Norden venía con una pieza rota dentro de la caja.",2,papeleria
869,"Increíble calidad. El acabado se ve mucho más caro de lo que costó. Además, es súper fácil de armar, en 10 minutos estaba listo.",5,textil
870,"Increíble calidad. Es exactamente como se veía en las fotos. Y de paso, el acabado se ve mucho más caro de lo que costó.",5,textil
871,"Esperaba mucho más por el precio que pagué. Compré un closet modular Estudio Maule y faltaban tornillos y tuve que comprarlos por mi cuenta. Sumado a eso, se despegó una parte a la semana de uso. No compraría de nuevo en esta tienda.",1,mueble
872,"No lo recomiendo para nada. Compré una mesa de centro Rukan y tuve que pagar de mi bolsillo la devolución, algo que no avisaron. Además, el servicio al cliente no respondió ningún correo. Para peor, las instrucciones de armado están mal traducidas y no calzan con las piezas. Por si fuera poco, no coincide para nada con las medidas publicadas. Definitivamente no vale lo que cuesta.",1,mueble
873,"Realmente una mala experiencia de principio a fin. Compré un banco Casa Sur y el acabado tiene burbujas y marcas de fábrica. Por si fuera poco, el color no se parece nada a la foto del sitio. Por si fuera poco, tuve que pagar de mi bolsillo la devolución, algo que no avisaron. Definitivamente no vale lo que cuesta.",1,mueble
874,"Muy decepcionado con esta compra. Compré una mesa de centro Bosque Design y tuve que pagar de mi bolsillo la devolución, algo que no avisaron. Y lo peor: el tamaño real es bastante menor al que aparece en la descripción. Y lo peor: olía fuerte a químico los primeros días. Además, el envío se demoró casi tres semanas más de lo prometido. Pedí el reembolso y no pienso volver a comprar acá.",1,mueble
875,¡Excelente! Quedó espectacular en el living.,5,papeleria
876,Tiene varios detalles que no me convencieron. El set de rotuladores de Lumina el color no se parece nada a la foto del sitio.,2,papeleria
877,"Una de las peores experiencias de compra que he tenido. Compré un set de rotuladores Fabril y se despegó una parte a la semana de uso. Además, venía con una pieza rota dentro de la caja. Pedí el reembolso y no pienso volver a comprar acá.",1,papeleria
878,"Superó mis expectativas. Es súper fácil de armar, en 10 minutos estaba listo.",5,mueble
879,"¡Excelente! Combina perfecto con el resto de mi decoración. Y de paso, se nota el cuidado en los detalles y terminaciones.",5,papeleria
880,Bastante conforme con el producto. El acabado se ve mucho más caro de lo que costó.,4,textil
881,Superó mis expectativas. Quedó espectacular en el living.,5,textil
882,Superó mis expectativas. El acabado se ve mucho más caro de lo que costó.,5,textil
883,Muy recomendado. Se nota el cuidado en los detalles y terminaciones.,5,mueble
884,"Perfecto, tal cual se describe. Combina perfecto con el resto de mi decoración.",5,electronica
885,"Organizador de escritorio de Puno Studio: está bien para el precio, aunque esperaba un poco más.",3,papeleria
886,"¡Excelente! Es súper fácil de armar, en 10 minutos estaba listo. Y de paso, el diseño es precioso y funcional a la vez.",5,iluminacion
887,"Una de las peores experiencias de compra que he tenido. Compré una manta Bosque Design y el color no se parece nada a la foto del sitio. Por si fuera poco, llegó golpeado por todos lados, el embalaje era pésimo.",1,textil
888,¡Excelente! Llegó antes de lo prometido y muy bien embalado.,5,textil
889,Aplique de pared de Bosque Design: cumple lo básico pero nada extraordinario.,3,iluminacion
890,"Tiene varios detalles que no me convencieron. El cojín de Norden llegó con un rayón visible en la superficie. Eso sí, es súper fácil de armar, en 10 minutos estaba listo.",2,textil
891,"No cumplió del todo mis expectativas. El teclado mecánico de Casa Sur llegó golpeado por todos lados, el embalaje era pésimo. Eso sí, el acabado se ve mucho más caro de lo que costó.",2,electronica
892,"Muy recomendado. Se nota el cuidado en los detalles y terminaciones. Además, es exactamente como se veía en las fotos.",5,iluminacion
893,"Una de las peores experiencias de compra que he tenido. Compré un cuaderno de diseño Cordillera Home y se despegó una parte a la semana de uso. Y lo peor: llegó golpeado por todos lados, el embalaje era pésimo. Además, el material se siente mucho más barato de lo que se ve en las fotos. Para peor, llegó con un rayón visible en la superficie. Una lástima, esperaba mucho más de esta marca.",1,papeleria
894,"Tiene varios detalles que no me convencieron. La manta de Lumina no coincide para nada con las medidas publicadas. Eso sí, quedó espectacular en el living.",2,textil
895,"Superó mis expectativas. Es súper fácil de armar, en 10 minutos estaba listo.",5,mueble
896,"Esperaba mucho más por el precio que pagué. Compré una manta Lumina y venía con una pieza rota dentro de la caja. Además, el acabado tiene burbujas y marcas de fábrica. Para peor, el tamaño real es bastante menor al que aparece en la descripción. Pedí el reembolso y no pienso volver a comprar acá.",1,textil
897,Aplique de pared de Cordillera Home: el diseño me gusta pero la calidad es regular.,3,iluminacion
898,No cumplió del todo mis expectativas. El set de rotuladores de Rukan faltaban tornillos y tuve que comprarlos por mi cuenta.,2,papeleria
899,"Perfecto, tal cual se describe. Es exactamente como se veía en las fotos.",5,iluminacion
900,"Increíble calidad. Llegó antes de lo prometido y muy bien embalado. Además, es súper fácil de armar, en 10 minutos estaba listo.",5,textil
901,"Realmente una mala experiencia de principio a fin. Compré un cargador rápido Puno Studio y el tamaño real es bastante menor al que aparece en la descripción. Por si fuera poco, el acabado tiene burbujas y marcas de fábrica. No compraría de nuevo en esta tienda.",1,electronica
902,"Perfecto, tal cual se describe. Se nota el cuidado en los detalles y terminaciones. También quedó espectacular en el living.",5,papeleria
903,Escritorio de Casa Sur: cumple lo básico pero nada extraordinario.,3,mueble
904,"Realmente una mala experiencia de principio a fin. Compré una cinta LED Lumina y las instrucciones de armado están mal traducidas y no calzan con las piezas. Para peor, olía fuerte a químico los primeros días. Y lo peor: venía con una pieza rota dentro de la caja.",1,iluminacion
905,No cumplió del todo mis expectativas. La funda de sofá de Lumina las instrucciones de armado están mal traducidas y no calzan con las piezas.,2,textil
906,Muy recomendado. La calidad de los materiales superó mis expectativas.,5,iluminacion
907,"No cumplió del todo mis expectativas. La silla de Bosque Design el servicio al cliente no respondió ningún correo. Eso sí, es exactamente como se veía en las fotos.",2,mueble
908,Superó mis expectativas. Combina perfecto con el resto de mi decoración.,5,papeleria
909,"No cumplió del todo mis expectativas. El banco de Casa Sur faltaban tornillos y tuve que comprarlos por mi cuenta. Eso sí, combina perfecto con el resto de mi decoración.",2,mueble
910,Silla de Fabril: funciona bien pero el color es más apagado de lo que pensé.,3,mueble
911,"Cumple bien lo que promete. Combina perfecto con el resto de mi decoración. Lo único es que llegó golpeado por todos lados, el embalaje era pésimo.",4,mueble
912,"Superó mis expectativas. El proceso de compra y despacho fue impecable. Además, se nota el cuidado en los detalles y terminaciones.",5,mueble
913,Muy buena compra en general. El acabado se ve mucho más caro de lo que costó. Lo único es que llegó con un rayón visible en la superficie.,4,mueble
914,"Manta de Norden: llegó a tiempo, aunque el embalaje podría mejorar.",3,textil
915,Bastante conforme con el producto. El diseño es precioso y funcional a la vez. Lo único es que las instrucciones de armado están mal traducidas y no calzan con las piezas.,4,mueble
916,"Perfecto, tal cual se describe. El acabado se ve mucho más caro de lo que costó. También el diseño es precioso y funcional a la vez.",5,papeleria
917,"Una de las peores experiencias de compra que he tenido. Compré un set de rotuladores Rukan y tuve que pagar de mi bolsillo la devolución, algo que no avisaron. Y lo peor: olía fuerte a químico los primeros días. Pedí el reembolso y no pienso volver a comprar acá.",1,papeleria
918,"Esperaba algo mejor, la verdad. El cojín de Bosque Design el acabado tiene burbujas y marcas de fábrica.",2,textil
919,"No lo recomiendo para nada. Compré un colgante LED Lumina y faltaban tornillos y tuve que comprarlos por mi cuenta. Además, tuve que pagar de mi bolsillo la devolución, algo que no avisaron. Además, llegó con un rayón visible en la superficie.",1,iluminacion
920,"Una de las peores experiencias de compra que he tenido. Compré una silla Norden y venía con una pieza rota dentro de la caja. Además, el acabado tiene burbujas y marcas de fábrica. Además, las instrucciones de armado están mal traducidas y no calzan con las piezas. Y lo peor: se despegó una parte a la semana de uso. No compraría de nuevo en esta tienda.",1,mueble
921,"Una de las peores experiencias de compra que he tenido. Compré un velador Casa Sur y el envío se demoró casi tres semanas más de lo prometido. Para peor, el servicio al cliente no respondió ningún correo. Definitivamente no vale lo que cuesta.",1,mueble
922,"Una de las peores experiencias de compra que he tenido. Compré un organizador de escritorio Estudio Maule y olía fuerte a químico los primeros días. Para peor, el servicio al cliente no respondió ningún correo. Además, el material se siente mucho más barato de lo que se ve en las fotos. No compraría de nuevo en esta tienda.",1,papeleria
923,"¡Excelente! Se nota el cuidado en los detalles y terminaciones. Y de paso, el diseño es precioso y funcional a la vez.",5,mueble
924,Muy recomendado. El acabado se ve mucho más caro de lo que costó.,5,papeleria
925,Realmente una mala experiencia de principio a fin. Compré una cinta LED Tallerín y olía fuerte a químico los primeros días. Y lo peor: el color no se parece nada a la foto del sitio. Definitivamente no vale lo que cuesta.,1,iluminacion
926,Increíble calidad. Es exactamente como se veía en las fotos.,5,textil
927,"Realmente una mala experiencia de principio a fin. Compré un teclado mecánico Estudio Maule y las instrucciones de armado están mal traducidas y no calzan con las piezas. Por si fuera poco, el tamaño real es bastante menor al que aparece en la descripción. Para peor, faltaban tornillos y tuve que comprarlos por mi cuenta.",1,electronica
928,"Increíble calidad. El acabado se ve mucho más caro de lo que costó. Y de paso, quedó espectacular en el living.",5,papeleria
929,"Esperaba mucho más por el precio que pagué. Compré una repisa Bosque Design y las instrucciones de armado están mal traducidas y no calzan con las piezas. Además, tuve que pagar de mi bolsillo la devolución, algo que no avisaron. Pedí el reembolso y no pienso volver a comprar acá.",1,mueble
930,"¡Excelente! Es súper fácil de armar, en 10 minutos estaba listo.",5,mueble
931,"¡Excelente! El diseño es precioso y funcional a la vez. Además, es súper fácil de armar, en 10 minutos estaba listo.",5,mueble
932,"Esperaba algo mejor, la verdad. El colgante LED de Puno Studio el material se siente mucho más barato de lo que se ve en las fotos. Eso sí, quedó espectacular en el living.",2,iluminacion
933,"Realmente una mala experiencia de principio a fin. Compré una repisa Norden y venía con una pieza rota dentro de la caja. Por si fuera poco, olía fuerte a químico los primeros días. Sumado a eso, el envío se demoró casi tres semanas más de lo prometido. Por si fuera poco, no coincide para nada con las medidas publicadas.",1,mueble
934,"Muy decepcionado con esta compra. Compré un set de rotuladores Lumina y las instrucciones de armado están mal traducidas y no calzan con las piezas. Además, olía fuerte a químico los primeros días. Sumado a eso, se despegó una parte a la semana de uso. Una lástima, esperaba mucho más de esta marca.",1,papeleria
935,"Esperaba mucho más por el precio que pagué. Compré un cuaderno de diseño Puno Studio y se despegó una parte a la semana de uso. Por si fuera poco, las instrucciones de armado están mal traducidas y no calzan con las piezas. Por si fuera poco, el color no se parece nada a la foto del sitio.",1,papeleria
936,Muy recomendado. Llegó antes de lo prometido y muy bien embalado.,5,iluminacion
937,"Esperaba mucho más por el precio que pagué. Compré un cuaderno de diseño Bosque Design y el acabado tiene burbujas y marcas de fábrica. Para peor, tuve que pagar de mi bolsillo la devolución, algo que no avisaron. Y lo peor: el envío se demoró casi tres semanas más de lo prometido. Una lástima, esperaba mucho más de esta marca.",1,papeleria
938,"Perfecto, tal cual se describe. Llegó antes de lo prometido y muy bien embalado.",5,textil
939,Muy buena compra en general. Se nota el cuidado en los detalles y terminaciones.,4,textil
940,No cumplió del todo mis expectativas. El velador de Lumina venía con una pieza rota dentro de la caja.,2,mueble
941,"No lo recomiendo para nada. Compré un cojín Casa Sur y el material se siente mucho más barato de lo que se ve en las fotos. Por si fuera poco, llegó golpeado por todos lados, el embalaje era pésimo. Sumado a eso, venía con una pieza rota dentro de la caja. No compraría de nuevo en esta tienda.",1,textil
942,"Realmente una mala experiencia de principio a fin. Compré una silla Norden y se despegó una parte a la semana de uso. Además, tuve que pagar de mi bolsillo la devolución, algo que no avisaron. Además, el servicio al cliente no respondió ningún correo. Para peor, faltaban tornillos y tuve que comprarlos por mi cuenta.",1,mueble
943,"Mesa de centro de Casa Sur: está bien para el precio, aunque esperaba un poco más.",3,mueble
944,"Increíble calidad. El acabado se ve mucho más caro de lo que costó. Y de paso, es exactamente como se veía en las fotos.",5,electronica
945,"Esperaba mucho más por el precio que pagué. Compré un cuaderno de diseño Lumina y llegó con un rayón visible en la superficie. Sumado a eso, las instrucciones de armado están mal traducidas y no calzan con las piezas. Sumado a eso, tuve que pagar de mi bolsillo la devolución, algo que no avisaron. No compraría de nuevo en esta tienda.",1,papeleria
946,Tiene varios detalles que no me convencieron. La manta de Casa Sur el material se siente mucho más barato de lo que se ve en las fotos.,2,textil
947,No cumplió del todo mis expectativas. La mesa de centro de Cordillera Home llegó con un rayón visible en la superficie.,2,mueble
948,"Una de las peores experiencias de compra que he tenido. Compré unos audífonos Rukan y tuve que pagar de mi bolsillo la devolución, algo que no avisaron. Para peor, el material se siente mucho más barato de lo que se ve en las fotos. Para peor, el color no se parece nada a la foto del sitio.",1,electronica
949,"¡Excelente! Combina perfecto con el resto de mi decoración. Además, es exactamente como se veía en las fotos.",5,iluminacion
950,Muy recomendado. Combina perfecto con el resto de mi decoración.,5,papeleria
951,¡Excelente! El proceso de compra y despacho fue impecable.,5,iluminacion
952,"Esperaba mucho más por el precio que pagué. Compré una alfombra Estudio Maule y las instrucciones de armado están mal traducidas y no calzan con las piezas. Para peor, el tamaño real es bastante menor al que aparece en la descripción. No compraría de nuevo en esta tienda.",1,textil
953,"Una de las peores experiencias de compra que he tenido. Compré una funda de sofá Casa Sur y faltaban tornillos y tuve que comprarlos por mi cuenta. Además, las instrucciones de armado están mal traducidas y no calzan con las piezas. Además, llegó golpeado por todos lados, el embalaje era pésimo. Para peor, tuve que pagar de mi bolsillo la devolución, algo que no avisaron.",1,textil
954,Muy decepcionado con esta compra. Compré un teclado mecánico Casa Sur y faltaban tornillos y tuve que comprarlos por mi cuenta. Y lo peor: olía fuerte a químico los primeros días.,1,electronica
955,"Realmente una mala experiencia de principio a fin. Compré una cinta LED Casa Sur y no coincide para nada con las medidas publicadas. Por si fuera poco, faltaban tornillos y tuve que comprarlos por mi cuenta. Por si fuera poco, el envío se demoró casi tres semanas más de lo prometido. Y lo peor: el material se siente mucho más barato de lo que se ve en las fotos. Pedí el reembolso y no pienso volver a comprar acá.",1,iluminacion
956,¡Excelente! La calidad de los materiales superó mis expectativas.,5,iluminacion
957,"Muy recomendado. Llegó antes de lo prometido y muy bien embalado. Y de paso, combina perfecto con el resto de mi decoración.",5,textil
958,"Perfecto, tal cual se describe. Quedó espectacular en el living. Además, es súper fácil de armar, en 10 minutos estaba listo.",5,textil
959,"Esperaba mucho más por el precio que pagué. Compré un velador Bosque Design y tuve que pagar de mi bolsillo la devolución, algo que no avisaron. Sumado a eso, se despegó una parte a la semana de uso. Y lo peor: no coincide para nada con las medidas publicadas. Además, el acabado tiene burbujas y marcas de fábrica.",1,mueble
960,Bastante conforme con el producto. Quedó espectacular en el living.,4,textil
961,"No lo recomiendo para nada. Compré una alfombra Cordillera Home y llegó golpeado por todos lados, el embalaje era pésimo. Además, el servicio al cliente no respondió ningún correo. Por si fuera poco, el tamaño real es bastante menor al que aparece en la descripción. Por si fuera poco, venía con una pieza rota dentro de la caja.",1,textil
962,"Una de las peores experiencias de compra que he tenido. Compré una cortina Bosque Design y el servicio al cliente no respondió ningún correo. Por si fuera poco, las instrucciones de armado están mal traducidas y no calzan con las piezas. Y lo peor: el color no se parece nada a la foto del sitio. Y lo peor: el material se siente mucho más barato de lo que se ve en las fotos.",1,textil
963,Muy buena compra en general. Se nota el cuidado en los detalles y terminaciones. Lo único es que las instrucciones de armado están mal traducidas y no calzan con las piezas.,4,textil
964,Increíble calidad. Quedó espectacular en el living. También el diseño es precioso y funcional a la vez.,5,electronica
965,"No lo recomiendo para nada. Compré una agenda 2026 Bosque Design y se despegó una parte a la semana de uso. Por si fuera poco, el acabado tiene burbujas y marcas de fábrica. No compraría de nuevo en esta tienda.",1,papeleria
966,Muy buena compra en general. El acabado se ve mucho más caro de lo que costó.,4,papeleria
967,No cumplió del todo mis expectativas. La mesa de centro de Rukan el envío se demoró casi tres semanas más de lo prometido.,2,mueble
968,Muy buena compra en general. La calidad de los materiales superó mis expectativas.,4,mueble
969,Bastante conforme con el producto. Combina perfecto con el resto de mi decoración.,4,papeleria
970,"Superó mis expectativas. El proceso de compra y despacho fue impecable. Y de paso, el acabado se ve mucho más caro de lo que costó.",5,mueble
971,"Muy recomendado. Se nota el cuidado en los detalles y terminaciones. Además, el acabado se ve mucho más caro de lo que costó.",5,textil
972,"Esperaba mucho más por el precio que pagué. Compré un closet modular Casa Sur y venía con una pieza rota dentro de la caja. Además, llegó con un rayón visible en la superficie. Por si fuera poco, el material se siente mucho más barato de lo que se ve en las fotos. Sumado a eso, las instrucciones de armado están mal traducidas y no calzan con las piezas. Pedí el reembolso y no pienso volver a comprar acá.",1,mueble
973,"No cumplió del todo mis expectativas. El cuaderno de diseño de Casa Sur olía fuerte a químico los primeros días. Eso sí, es exactamente como se veía en las fotos.",2,papeleria
974,Muy recomendado. El acabado se ve mucho más caro de lo que costó.,5,iluminacion
975,"Esperaba algo mejor, la verdad. La silla de Norden se despegó una parte a la semana de uso. Eso sí, llegó antes de lo prometido y muy bien embalado.",2,mueble
976,"Muy decepcionado con esta compra. Compré una funda de sofá Cordillera Home y el material se siente mucho más barato de lo que se ve en las fotos. Para peor, tuve que pagar de mi bolsillo la devolución, algo que no avisaron.",1,textil
977,Muy buena compra en general. Se nota el cuidado en los detalles y terminaciones.,4,mueble
978,"Esperaba mucho más por el precio que pagué. Compré una repisa Casa Sur y tuve que pagar de mi bolsillo la devolución, algo que no avisaron. Por si fuera poco, las instrucciones de armado están mal traducidas y no calzan con las piezas. Por si fuera poco, llegó con un rayón visible en la superficie. Por si fuera poco, el material se siente mucho más barato de lo que se ve en las fotos. Pedí el reembolso y no pienso volver a comprar acá.",1,mueble
979,Muy decepcionado con esta compra. Compré una lámpara de pie Lumina y las instrucciones de armado están mal traducidas y no calzan con las piezas. Y lo peor: el servicio al cliente no respondió ningún correo. Y lo peor: el acabado tiene burbujas y marcas de fábrica. Definitivamente no vale lo que cuesta.,1,iluminacion
980,"Perfecto, tal cual se describe. El proceso de compra y despacho fue impecable.",5,electronica
981,"Una de las peores experiencias de compra que he tenido. Compré un cuaderno de diseño Rukan y el acabado tiene burbujas y marcas de fábrica. Además, el color no se parece nada a la foto del sitio. Una lástima, esperaba mucho más de esta marca.",1,papeleria
982,Superó mis expectativas. Quedó espectacular en el living.,5,electronica
983,"Perfecto, tal cual se describe. El acabado se ve mucho más caro de lo que costó.",5,mueble
984,"No lo recomiendo para nada. Compré un banco Fabril y se despegó una parte a la semana de uso. Además, el color no se parece nada a la foto del sitio. No compraría de nuevo en esta tienda.",1,mueble
985,"Una de las peores experiencias de compra que he tenido. Compré un closet modular Estudio Maule y el envío se demoró casi tres semanas más de lo prometido. Y lo peor: el acabado tiene burbujas y marcas de fábrica. Sumado a eso, las instrucciones de armado están mal traducidas y no calzan con las piezas. Para peor, llegó con un rayón visible en la superficie. Pedí el reembolso y no pienso volver a comprar acá.",1,mueble
986,"Muy decepcionado con esta compra. Compré una alfombra Casa Sur y venía con una pieza rota dentro de la caja. Por si fuera poco, se despegó una parte a la semana de uso. Para peor, llegó golpeado por todos lados, el embalaje era pésimo. Una lástima, esperaba mucho más de esta marca.",1,textil
987,"Increíble calidad. Es súper fácil de armar, en 10 minutos estaba listo. También el diseño es precioso y funcional a la vez.",5,textil
988,"Tiene varios detalles que no me convencieron. El mouse inalámbrico de Casa Sur el envío se demoró casi tres semanas más de lo prometido. Eso sí, el acabado se ve mucho más caro de lo que costó.",2,electronica
989,"Una de las peores experiencias de compra que he tenido. Compré un colgante LED Casa Sur y faltaban tornillos y tuve que comprarlos por mi cuenta. Y lo peor: olía fuerte a químico los primeros días. Sumado a eso, venía con una pieza rota dentro de la caja.",1,iluminacion
990,"No cumplió del todo mis expectativas. La mesa de centro de Norden venía con una pieza rota dentro de la caja. Eso sí, la calidad de los materiales superó mis expectativas.",2,mueble
991,No cumplió del todo mis expectativas. El velador de Norden se despegó una parte a la semana de uso.,2,mueble
992,Alfombra de Fabril: funciona bien pero el color es más apagado de lo que pensé.,3,textil
993,No cumplió del todo mis expectativas. La cortina de Fabril el color no se parece nada a la foto del sitio.,2,textil
994,"Perfecto, tal cual se describe. Es exactamente como se veía en las fotos.",5,iluminacion
995,"¡Excelente! El diseño es precioso y funcional a la vez. Además, la calidad de los materiales superó mis expectativas.",5,mueble
996,"Muy recomendado. Es súper fácil de armar, en 10 minutos estaba listo. Y de paso, combina perfecto con el resto de mi decoración.",5,papeleria
997,Muy buena compra en general. Es exactamente como se veía en las fotos.,4,iluminacion
998,"Tiene varios detalles que no me convencieron. La cinta LED de Fabril el servicio al cliente no respondió ningún correo. Eso sí, es súper fácil de armar, en 10 minutos estaba listo.",2,iluminacion
999,¡Excelente! Quedó espectacular en el living.,5,textil
1000,¡Excelente! Combina perfecto con el resto de mi decoración. También la calidad de los materiales superó mis expectativas.,5,electronica
1001,"Una de las peores experiencias de compra que he tenido. Compré un banco Rukan y el color no se parece nada a la foto del sitio. Para peor, las instrucciones de armado están mal traducidas y no calzan con las piezas. Pedí el reembolso y no pienso volver a comprar acá.",1,mueble
1002,"Realmente una mala experiencia de principio a fin. Compré una mesa de centro Fabril y faltaban tornillos y tuve que comprarlos por mi cuenta. Por si fuera poco, olía fuerte a químico los primeros días. Por si fuera poco, llegó con un rayón visible en la superficie. Para peor, el color no se parece nada a la foto del sitio. No compraría de nuevo en esta tienda.",1,mueble
1003,"Muy decepcionado con esta compra. Compré una silla Casa Sur y se despegó una parte a la semana de uso. Por si fuera poco, llegó golpeado por todos lados, el embalaje era pésimo.",1,mueble
1004,No cumplió del todo mis expectativas. El banco de Rukan el color no se parece nada a la foto del sitio.,2,mueble
1005,"Una de las peores experiencias de compra que he tenido. Compré un aplique de pared Tallerín y el color no se parece nada a la foto del sitio. Para peor, las instrucciones de armado están mal traducidas y no calzan con las piezas. Para peor, el servicio al cliente no respondió ningún correo. Pedí el reembolso y no pienso volver a comprar acá.",1,iluminacion
1006,Increíble calidad. Se nota el cuidado en los detalles y terminaciones.,5,mueble
1007,"Una de las peores experiencias de compra que he tenido. Compré un velador con luz Norden y faltaban tornillos y tuve que comprarlos por mi cuenta. Sumado a eso, el material se siente mucho más barato de lo que se ve en las fotos. Y lo peor: el servicio al cliente no respondió ningún correo. Además, llegó con un rayón visible en la superficie. Una lástima, esperaba mucho más de esta marca.",1,iluminacion
1008,"Perfecto, tal cual se describe. El proceso de compra y despacho fue impecable.",5,mueble
1009,"No cumplió del todo mis expectativas. La agenda 2026 de Rukan el tamaño real es bastante menor al que aparece en la descripción. Eso sí, el proceso de compra y despacho fue impecable.",2,papeleria
1010,"Perfecto, tal cual se describe. Combina perfecto con el resto de mi decoración. Y de paso, es súper fácil de armar, en 10 minutos estaba listo.",5,textil
1011,Muy buena compra en general. Combina perfecto con el resto de mi decoración. Lo único es que el tamaño real es bastante menor al que aparece en la descripción.,4,textil
1012,"Perfecto, tal cual se describe. Es súper fácil de armar, en 10 minutos estaba listo.",5,electronica
